neo,pha,full_name,diameter,orbit_id,epoch,e,a,q,i,w,per_y,om,ma,ad,n,moid,H,class,Notes,
Y,N,  1036 Ganymed (A924 UB),37.675,JPL 1259,2460600.5,0.5328,2.665,1.245,26.69,132.5,4.35,215.49,6.98,4.09,0.2265,0.345,9.25,AMO,Largest NEO known; discovered in 1924,
Y,N,  3552 Don Quixote (1983 SA),19,JPL 285,2460600.5,0.7073,4.267,1.249,31.06,316.53,8.81,349.96,263.48,7.29,0.1118,0.342,13.05,AMO,Dual-classified object may be an extinct comet; has highly eccentric orbit (0.71), 
Y,N,   433 Eros (A898 PA),16.84,JPL 659,2460600.5,0.2227,1.458,1.133,10.83,178.91,1.76,304.27,86.67,1.78,0.5597,0.15,10.41,AMO,Visited by NASA's NEAR Shoemaker mission; First asteroid to be orbited and landed upon,
Y,N,  4954 Eric (1990 SQ),10.8,JPL 788,2460600.5,0.4494,2.001,1.102,17.43,52.62,2.83,358.41,347.92,2.9,0.3481,0.194,12.54,AMO,,
Y,N,  1627 Ivar (1929 SH),9.12,JPL 1339,2460600.5,0.397,1.863,1.124,8.45,167.84,2.54,133.08,156.41,2.6,0.3875,0.112,12.84,AMO,,
Y,N,  1866 Sisyphus (1972 XA),8.48,JPL 1031,2460600.5,0.538,1.894,0.875,41.21,293.12,2.61,63.45,349.34,2.91,0.3782,0.104,12.52,APO,,
Y,Y, 53319 (1999 JM8),7,JPL 253,2460600.5,0.6414,2.724,0.977,13.84,166.8,4.49,133.62,228.77,4.47,0.2193,0.0245,15.36,APO,,
Y,N, 52762 (1998 MT24),6.742,JPL 218,2460600.5,0.653,2.416,0.838,33.86,254.53,3.76,308.94,29.2,3.99,0.2624,0.139,14.81,APO,,
Y,N,  7092 Cadmus (1992 LC),6.319,JPL 236,2460600.5,0.6935,2.545,0.78,17.79,94.77,4.06,56.72,30.55,4.31,0.2427,0.102,15.12,APO,,
Y,Y,  3200 Phaethon (1983 TB),6.25,JPL 807,2460600.5,0.8898,1.271,0.14,22.31,322.31,1.43,265.1,248.98,2.4,0.6875,0.0187,14.4,APO,Parent body of the Geminid meteor shower; extremely close approaches to the Sun (0.14 AU),
Y,N,  1580 Betulia (1950 KA),5.8,JPL 308,2460600.5,0.4876,2.195,1.125,52.19,159.73,3.25,62.23,319.03,3.27,0.3031,0.136,14.69,AMO,,
Y,N, 88263 (2001 KQ1),5.748,JPL 325,2460600.5,0.4326,2.097,1.19,38.79,241.58,3.04,232.82,319.85,3,0.3247,0.375,15.69,AMO,,
Y,N,  1917 Cuyo (1968 AA),5.7,JPL 566,2460600.5,0.5057,2.149,1.062,23.96,194.56,3.15,188.28,34.92,3.24,0.3128,0.0719,14.41,AMO,,
Y,N,  2212 Hephaistos (1978 SB),5.7,JPL 671,2460600.5,0.8361,2.166,0.355,11.31,210.05,3.19,27.01,184.81,3.98,0.3091,0.113,13.51,APO,,
Y,N, 25916 (2001 CP44),5.683,JPL 655,2460600.5,0.4991,2.559,1.282,15.76,199.69,4.09,94.64,186.18,3.84,0.2408,0.277,13.78,AMO,,
Y,Y,  4179 Toutatis (1989 AC),5.4,JPL 645,2460600.5,0.6248,2.543,0.954,0.45,277.88,4.06,125.36,339.68,4.13,0.243,0.00649,15.31,APO,"known for its chaotic, tumbling rotation. Passed close to Earth multiple times, last close approach in 2012",
Y,N, 26760 (2001 KP41),5.4,JPL 234,2460600.5,0.5571,2.853,1.264,11.02,155.16,4.82,146.26,289.19,4.44,0.2045,0.261,15.5,AMO,,
Y,N,514041 (2014 MQ18),5.272,JPL 75,2460600.5,0.5987,2.9,1.164,35.06,333,4.94,347.27,4.78,4.64,0.1996,0.196,15.62,AMO,,
Y,N,  5731 Zeus (1988 VP4),5.231,JPL 270,2460600.5,0.6521,2.266,0.788,11.2,218.43,3.41,280.59,166.28,3.74,0.289,0.0641,15.46,APO,,
Y,Y, 89830 (2002 CE),5.067,JPL 366,2460600.5,0.507,2.078,1.024,43.65,5.84,3,19.9,253.27,3.13,0.3291,0.0284,15.01,AMO,,
Y,Y,  3122 Florence (1981 ET3),4.9,JPL 832,2460600.5,0.4231,1.769,1.021,22.14,27.9,2.35,336.05,0.67,2.52,0.4189,0.0449,14.1,AMO,"One of the largest known PHAs, passed safely by Earth in 2017 with two moons",
Y,N,  5143 Heracles (1991 VL),4.843,JPL 767,2460600.5,0.771,1.835,0.42,8.98,228.22,2.49,309.09,45.49,3.25,0.3965,0.0578,14.06,APO,,
Y,N,248590 (2006 CS),4.726,JPL 127,2460600.5,0.6968,2.915,0.884,52.3,346.41,4.98,172.41,258.82,4.95,0.198,0.0974,16.32,APO,,
Y,N,  6455 (1992 HE),4.626,JPL 516,2460600.5,0.5728,2.24,0.957,37.34,262.75,3.35,26.89,230.08,3.52,0.294,0.29,14.1,APO,,
Y,N,256412 (2007 BT2),4.444,JPL 255,2460600.5,0.2239,1.632,1.267,26.86,149.1,2.09,30.97,167.54,2,0.4726,0.292,16.93,AMO,,
Y,N,  1980 Tezcatlipoca (1950 LA),4.3,JPL 803,2460600.5,0.3647,1.71,1.086,26.87,115.51,2.24,246.54,35.06,2.33,0.4409,0.245,13.85,AMO,,
Y,N,  3691 Bede (1982 FT),4.3,JPL 714,2460600.5,0.2844,1.774,1.27,20.35,235.08,2.36,348.7,345.07,2.28,0.417,0.353,14.95,AMO,,
Y,N,  5646 (1990 TR),4.3,JPL 449,2460600.5,0.4357,2.144,1.21,7.91,335.77,3.14,14.1,314.96,3.08,0.314,0.212,15.51,AMO,,
Y,N,162566 (2000 RJ34),4.299,JPL 215,2460600.5,0.5759,2.626,1.114,14.28,145.52,4.26,329.84,179.25,4.14,0.2316,0.167,15.75,AMO,,
Y,N,   887 Alinda (A918 AA),4.2,JPL 500,2460600.5,0.5711,2.473,1.06,9.4,350.47,3.89,110.42,340.2,3.88,0.2535,0.0805,13.88,AMO,Resonant orbit with Jupiter and Earth; a large Amor asteroid with repeated close approaches to Earth,
Y,N,401857 (2000 PG3),4.2,JPL 85,2460600.5,0.8554,2.825,0.408,22.04,141.25,4.75,323.56,5.57,5.24,0.2076,0.212,16.12,APO,,
Y,N,152679 (1998 KU2),4.167,JPL 217,2460600.5,0.5524,2.251,1.008,4.93,120.32,3.38,205.72,262.32,3.49,0.2918,0.0602,16.67,APO,,
Y,N, 16064 Davidharvey (1999 RH27),4.106,JPL 106,2460600.5,0.5894,2.849,1.17,4.54,104.75,4.81,335.55,43.97,4.53,0.2049,0.203,16.86,AMO,,
Y,Y,  4015 Wilson-Harrington (1979 VA),4,JPL 331,2460600.5,0.6312,2.626,0.968,2.8,95.52,4.25,266.73,181.75,4.28,0.2317,0.0429,16.19,APO,,
Y,N,162741 (2000 WG6),3.945,JPL 43,2460600.5,0.4994,2.319,1.161,11.85,330.12,3.53,60.73,279.8,3.48,0.2791,0.19,17.5,AMO,,
Y,N,  6053 (1993 BW3),3.72,JPL 379,2460600.5,0.5287,2.147,1.012,21.58,74.93,3.15,318.23,82.05,3.28,0.3134,0.222,15.1,APO,,
Y,N,  1864 Daedalus (1971 FA),3.7,JPL 732,2460600.5,0.6143,1.461,0.564,22.21,325.66,1.77,6.61,34.28,2.36,0.5581,0.27,14.86,APO,,
Y,N,  9400 (1994 TW1),3.698,JPL 325,2460600.5,0.5809,2.587,1.084,36,62.14,4.16,3.36,51.21,4.09,0.2368,0.284,14.84,AMO,,
Y,N, 20826 (2000 UV13),3.687,JPL 471,2460600.5,0.6362,2.418,0.88,31.92,198.7,3.76,347.28,93.36,3.96,0.2621,0.0896,13.89,APO,,
Y,Y,  4183 Cuno (1959 LM),3.651,JPL 651,2460600.5,0.6361,1.981,0.721,6.67,237.02,2.79,294.35,175.91,3.24,0.3536,0.0281,14.17,APO,,
Y,N, 11405 (1999 CV3),3.621,JPL 657,2460600.5,0.3939,1.46,0.885,22.86,96.4,1.76,141.25,153.9,2.03,0.5589,0.119,15.27,APO,,
Y,N,112985 (2002 RS28),3.618,JPL 260,2460600.5,0.4923,2.22,1.127,46.99,105.3,3.31,211.96,271.73,3.31,0.2979,0.414,15.8,AMO,,
Y,N, 96189 Pygmalion (1991 NT3),3.605,JPL 295,2460600.5,0.307,1.821,1.262,14,293.18,2.46,287.18,234.83,2.38,0.4011,0.334,16.48,AMO,,
Y,N,  5332 Davidaguilar (1990 DA),3.6,JPL 429,2460600.5,0.4557,2.163,1.177,25.52,306.07,3.18,142.77,339.58,3.15,0.3098,0.307,15.04,AMO,,
Y,N,  5370 Taranis (1986 RA),3.6,JPL 69,2460600.5,0.637,3.319,1.205,19.17,161.31,6.05,177.79,90.75,5.43,0.163,0.213,15.23,AMO,,
Y,N,  5587 (1990 SB),3.57,JPL 519,2460600.5,0.5441,2.4,1.094,18.07,86.96,3.72,189.85,103.89,3.71,0.2651,0.31,13.89,AMO,,
Y,N,138013 (2000 CN101),3.518,JPL 297,2460600.5,0.6348,1.598,0.584,15.98,118.69,2.02,183.35,305.84,2.61,0.488,0.109,14.72,APO,,
Y,N, 68348 (2001 LO7),3.512,JPL 314,2460600.5,0.841,2.155,0.343,25.37,181.66,3.16,236.22,52.81,3.97,0.3116,0.385,14.26,APO,,
Y,N,  1916 Boreas (1953 RA),3.5,JPL 342,2460600.5,0.4493,2.273,1.252,12.88,335.86,3.43,340.6,280.05,3.29,0.2876,0.253,14.95,AMO,,
Y,N,276049 (2002 CE26),3.5,JPL 226,2460600.5,0.5612,2.233,0.98,47.29,228.07,3.34,161.87,358.03,3.49,0.2953,0.0966,16.67,APO,,
Y,N,  4957 Brucemurray (1990 XJ),3.499,JPL 201,2460600.5,0.2189,1.565,1.223,35.01,97.48,1.96,254.88,150.48,1.91,0.5033,0.425,15.11,AMO,,
Y,Y, 85713 (1998 SS49),3.484,JPL 287,2460600.5,0.6388,1.923,0.695,10.79,103.13,2.67,40.95,239.57,3.15,0.3695,0.0039,15.78,APO,,
Y,N,163691 (2003 BB43),3.449,JPL 106,2460600.5,0.5217,2.418,1.156,40.79,60.8,3.76,148.82,267.1,3.68,0.2622,0.356,17.09,AMO,,
Y,N,  1685 Toro (1948 OA),3.4,JPL 813,2460600.5,0.4361,1.368,0.771,9.38,127.27,1.6,274.21,196.26,1.96,0.616,0.0504,14.28,APO,,
Y,Y,  1981 Midas (1973 EA),3.4,JPL 232,2460600.5,0.6505,1.776,0.621,39.82,267.84,2.37,356.8,258.81,2.93,0.4163,0.00488,15.28,APO,,
Y,N,136874 (1998 FH74),3.398,JPL 280,2460600.5,0.8842,2.202,0.255,21.16,193.4,3.27,197.54,94.7,4.15,0.3016,0.235,15.75,APO,,
Y,N,  3554 Amun (1986 EB),3.341,JPL 265,2460600.5,0.2806,0.974,0.701,23.36,359.42,0.961,358.6,226.57,1.25,1.025,0.253,15.91,ATE,,
Y,N,443923 (2002 RU25),3.316,JPL 120,2460600.5,0.4827,2.177,1.126,28.9,306.35,3.21,5.05,336.42,3.23,0.3068,0.248,17.57,AMO,,
Y,N, 25330 (1999 KV4),3.21,JPL 443,2460600.5,0.3708,1.541,0.969,14.33,86.1,1.91,50.52,129.11,2.11,0.5154,0.174,16.74,APO,,
Y,N,385268 (2001 RC12),3.2,JPL 112,2460600.5,0.6429,3.211,1.147,27.41,185.55,5.75,208.91,355.06,5.27,0.1713,0.153,15.92,AMO,,
Y,N, 17274 (2000 LC16),3.183,JPL 232,2460600.5,0.5539,2.731,1.219,5.57,21.35,4.51,305.7,129.39,4.24,0.2183,0.21,16.87,AMO,,
Y,N,  4341 Poseidon (1987 KF),3.177,JPL 178,2460600.5,0.68,1.834,0.587,11.84,15.83,2.48,108.03,44.04,3.08,0.3968,0.194,16.08,APO,,
Y,N,153249 (2001 BW15),3.16,JPL 115,2460600.5,0.5905,2.118,0.867,41.24,298,3.08,328.82,174.9,3.37,0.3198,0.0581,15.57,APO,,
Y,Y,159857 (2004 LJ1),3.07,JPL 401,2460600.5,0.5935,2.263,0.92,23.15,140.02,3.4,235.54,319.37,3.61,0.2895,0.0159,15.47,APO,,
Y,N,190161 (2005 TJ174),3.041,JPL 154,2460600.5,0.4526,2.239,1.226,3.98,56.24,3.35,304.63,265.99,3.25,0.2942,0.23,16.73,AMO,,
Y,Y,111253 (2001 XU10),3.006,JPL 329,2460600.5,0.4394,1.754,0.983,42.02,6.97,2.32,310.15,62.23,2.52,0.4244,0.0287,15.28,APO,,
Y,N,454078 (2012 VV93),2.959,JPL 43,2460600.5,0.4891,2.24,1.145,25,145.72,3.35,314.12,209.43,3.34,0.2939,0.211,17.39,AMO,,
Y,N,  8567 (1996 HW1),2.928,JPL 595,2460600.5,0.4493,2.045,1.126,8.45,177.3,2.92,177.1,179.54,2.96,0.337,0.121,15.36,AMO,,
Y,Y,242450 (2004 QY2),2.914,JPL 287,2460600.5,0.4772,1.084,0.567,37.03,104.98,1.13,295.27,234.73,1.6,0.8734,0.0462,14.65,APO,,
Y,N,248926 (2006 WZ2),2.907,JPL 226,2460600.5,0.3303,1.694,1.135,24.65,65.98,2.21,354.36,82.08,2.25,0.4469,0.276,17.13,AMO,,
Y,N,234061 (1999 HE1),2.9,JPL 89,2460600.5,0.5723,2.362,1.01,8.16,221.95,3.63,65.79,338.86,3.71,0.2715,0.0532,17.7,APO,,
Y,N, 17182 (1999 VU),2.885,JPL 261,2460600.5,0.5533,1.387,0.62,9.26,203.23,1.63,333.48,25.7,2.15,0.6033,0.144,17.14,APO,,
Y,N,  6050 Miwablock (1992 AE),2.884,JPL 502,2460600.5,0.4372,2.202,1.239,6.41,285.05,3.27,88.15,33.19,3.17,0.3016,0.268,15.01,AMO,,
Y,N,414429 (2009 DC43),2.866,JPL 93,2460600.5,0.4894,1.801,0.919,20.85,172.86,2.42,84.23,141.33,2.68,0.4078,0.0921,18.03,APO,,
Y,N, 66146 (1998 TU3),2.864,JPL 428,2460600.5,0.4838,0.7875,0.407,5.41,84.91,0.699,101.97,230.7,1.17,1.41,0.0735,14.42,ATE,,
Y,N,  3288 Seleucus (1982 DV),2.8,JPL 462,2460600.5,0.4549,2.035,1.109,5.93,349.35,2.9,218.61,241.11,2.96,0.3395,0.108,15.35,AMO,,
Y,N, 21088 Chelyabinsk (1992 BL2),2.793,JPL 785,2460600.5,0.2384,1.706,1.3,38.45,27.16,2.23,297.83,28.4,2.11,0.4421,0.309,14.42,AMO,,
Y,N,436761 (2012 DN),2.773,JPL 48,2460600.5,0.5932,2.235,0.909,19.95,247.34,3.34,143.25,338.64,3.56,0.295,0.104,18.22,APO,,
Y,N,  5836 (1993 MF),2.754,JPL 363,2460600.5,0.5365,2.441,1.131,7.94,78.09,3.81,238.71,59.58,3.75,0.2584,0.185,15,AMO,,
Y,N,388185 (2006 CX10),2.75,JPL 80,2460600.5,0.5103,2.572,1.259,27.04,189.84,4.12,32.16,181.12,3.88,0.2389,0.26,17.79,AMO,,
Y,N,451217 (2009 XE11),2.72,JPL 42,2460600.5,0.6104,3.316,1.292,14.06,107.73,6.04,99.8,132.32,5.34,0.1633,0.383,17,AMO,,
Y,N, 20460 Robwhiteley (1999 LO28),2.716,JPL 364,2460600.5,0.4116,1.877,1.104,33.95,283.75,2.57,279.99,343.48,2.65,0.3833,0.331,15.42,AMO,,
Y,N,100004 (1983 VA),2.7,JPL 141,2460600.5,0.7026,2.591,0.77,15.7,13.72,4.17,76.3,253.3,4.41,0.2364,0.174,16.49,APO,,
Y,N,159929 (2005 UK),2.62,JPL 80,2460600.5,0.4077,1.887,1.118,54.42,19.58,2.59,222.54,245.69,2.66,0.3803,0.129,17.72,AMO,,
Y,N,  2061 Anza (1960 UA),2.6,JPL 197,2460600.5,0.5356,2.265,1.052,3.8,157.09,3.41,207.36,283.26,3.48,0.2891,0.0561,16.7,AMO,,
Y,N,139345 (2001 KA67),2.586,JPL 166,2460600.5,0.7018,1.805,0.538,22.28,38,2.42,108.34,253.18,3.07,0.4065,0.263,16.75,APO,,
Y,Y,  1620 Geographos (1951 RA),2.56,JPL 764,2460600.5,0.3356,1.246,0.828,13.34,277.01,1.39,337.15,289.36,1.66,0.709,0.03,15.27,APO,One of the most elongated known asteroids; passed close to Earth in 1994,
Y,N,416567 (2004 EB),2.538,JPL 49,2460600.5,0.6602,3.112,1.057,21.09,238.33,5.49,21,237.74,5.17,0.1795,0.201,17.13,AMO,,
Y,N,428223 (2006 WW),2.525,JPL 91,2460600.5,0.8679,2.682,0.354,32.72,197.95,4.39,88.19,47.68,5.01,0.2243,0.415,16.01,APO,,
Y,N, 38091 (1999 JT3),2.517,JPL 159,2460600.5,0.4012,2.17,1.299,9.33,225.04,3.2,64.82,306.59,3.04,0.3084,0.309,16.3,AMO,,
Y,N, 85275 (1994 LY),2.506,JPL 404,2460600.5,0.442,1.891,1.055,17.71,202.87,2.6,141.14,207.94,2.73,0.3791,0.0646,16.51,AMO,,
Y,N,429073 (2009 ND1),2.498,JPL 57,2460600.5,0.5714,2.732,1.171,11.83,292.26,4.52,97.95,89.05,4.29,0.2183,0.263,17.23,AMO,,
Y,N,  4055 Magellan (1985 DO2),2.49,JPL 824,2460600.5,0.3261,1.82,1.227,23.25,154.38,2.46,164.82,267.34,2.41,0.4014,0.24,14.94,AMO,,
Y,N,465749 (2009 WO6),2.49,JPL 114,2460600.5,0.5831,3.081,1.285,28.79,30.33,5.41,76.22,252.98,4.88,0.1822,0.345,17.31,AMO,,
Y,N,153271 (2001 CL42),2.441,JPL 209,2460600.5,0.4026,1.557,0.93,21.65,270.82,1.94,12.04,339.35,2.18,0.5073,0.192,17.41,APO,,
Y,N,214088 (2004 JN13),2.423,JPL 311,2460600.5,0.6902,2.89,0.895,13.35,279.27,4.91,85.03,13.6,4.89,0.2006,0.134,15.42,APO,,
Y,N,275976 (2001 XV10),2.381,JPL 149,2460600.5,0.5854,2.205,0.914,22.35,342.07,3.27,31.38,27.14,3.5,0.3011,0.0599,16.28,APO,,
Y,N,248083 (2004 QU24),2.358,JPL 254,2460600.5,0.6135,3.328,1.286,23.37,272.08,6.07,187.66,97.72,5.37,0.1623,0.54,16.13,AMO,,
Y,N,163760 (2003 OR14),2.343,JPL 224,2460600.5,0.5045,2.511,1.244,13.07,211.99,3.98,211.48,67.15,3.78,0.2477,0.278,16.68,AMO,,
Y,N, 36183 (1999 TX16),2.339,JPL 291,2460600.5,0.3324,1.551,1.036,38.22,311.22,1.93,54.64,8.46,2.07,0.5101,0.135,16.33,AMO,,
Y,Y,159504 (2000 WO67),2.324,JPL 161,2460600.5,0.6172,2.433,0.931,9.69,237.82,3.8,107.57,138.95,3.93,0.2597,0.0497,16.97,APO,,
Y,N,424089 (2007 DU103),2.314,JPL 83,2460600.5,0.5009,2.464,1.23,23.19,294.85,3.87,338.04,142.35,3.7,0.2548,0.373,17.57,AMO,,
Y,N,  3752 Camillo (1985 PA),2.306,JPL 476,2460600.5,0.3016,1.414,0.987,55.56,312.22,1.68,147.96,8.79,1.84,0.5864,0.0799,15.19,APO,,
Y,N, 68063 (2000 YJ66),2.301,JPL 404,2460600.5,0.4576,2.334,1.266,5.72,50.39,3.57,308.82,308.2,3.4,0.2765,0.274,15.56,AMO,,
Y,N,  1943 Anteros (1973 EC),2.3,JPL 775,2460600.5,0.2561,1.43,1.064,8.71,338.46,1.71,246.3,29.9,1.8,0.5761,0.0637,15.7,AMO,,
Y,N,  2100 Ra-Shalom (1978 RA),2.3,JPL 394,2460600.5,0.4365,0.832,0.469,15.75,356.08,0.759,170.78,89.62,1.2,1.299,0.15,16.23,ATE,,
Y,N,  2368 Beltrovata (1977 RA),2.3,JPL 394,2460600.5,0.4135,2.105,1.234,5.22,43.07,3.05,287.29,158.64,2.97,0.3228,0.232,15.15,AMO,,
Y,N,  5751 Zao (1992 AC),2.3,JPL 357,2460600.5,0.4254,2.101,1.207,16.07,25.46,3.05,121.63,254.35,3,0.3236,0.241,14.96,AMO,,
Y,N,  6178 (1986 DA),2.3,JPL 234,2460600.5,0.5845,2.815,1.169,4.31,127.48,4.72,64.49,54.83,4.46,0.2087,0.182,15.75,AMO,,
Y,N,  8013 Gordonmoore (1990 KA),2.3,JPL 190,2460600.5,0.4316,2.202,1.252,7.59,147.2,3.27,105.36,190.8,3.15,0.3016,0.249,17.09,AMO,,
Y,N,  7888 (1993 UC),2.298,JPL 202,2460600.5,0.6631,2.438,0.821,26.07,323.01,3.81,165.89,24.14,4.05,0.2589,0.0843,15.19,APO,,
Y,N,416694 (2004 YR32),2.292,JPL 75,2460600.5,0.6983,3.069,0.926,20.44,89.06,5.38,89.9,244.27,5.21,0.1833,0.247,17.69,APO,,
Y,N, 85804 (1998 WQ5),2.272,JPL 610,2460600.5,0.3543,1.721,1.111,27.66,269.88,2.26,285.68,71.26,2.33,0.4365,0.373,15.36,AMO,,
Y,N,452639 (2005 UY6),2.249,JPL 56,2460600.5,0.8726,2.249,0.286,12.21,180.92,3.37,343.54,187.59,4.21,0.2922,0.18,18.14,APO,,
Y,N,441952 (2010 LR68),2.246,JPL 94,2460600.5,0.5872,3.096,1.278,4.71,299.8,5.45,109.01,216.1,4.91,0.1809,0.299,18.39,AMO,,
Y,N,137805 (1999 YK5),2.243,JPL 361,2460600.5,0.5583,0.8294,0.366,16.75,292.86,0.755,349.53,90.64,1.29,1.305,0.113,16.73,ATE,,
Y,N,144901 (2004 WG1),2.24,JPL 132,2460600.5,0.522,1.64,0.784,13.04,232.48,2.1,41.98,271.07,2.5,0.4693,0.0545,17.53,APO,,
Y,Y, 90075 (2002 VU94),2.233,JPL 580,2460600.5,0.5755,2.136,0.907,8.91,30.77,3.12,226.73,128.37,3.37,0.3156,0.0281,15.37,APO,,
Y,N, 85709 (1998 SG36),2.23,JPL 660,2460600.5,0.3374,1.646,1.091,24.83,29.81,2.11,186.56,262,2.2,0.4667,0.125,15.93,AMO,,
Y,N,438902 (2009 WF104),2.226,JPL 161,2460600.5,0.6559,3.082,1.061,16.97,94.43,5.41,81.63,239.47,5.1,0.1822,0.28,17.5,AMO,,
Y,Y, 86039 (1999 NC43),2.22,JPL 307,2460600.5,0.5789,1.76,0.741,7.13,120.81,2.33,311.62,217.35,2.78,0.4221,0.0243,15.97,APO,,
Y,N,  3199 Nefertiti (1982 RA),2.2,JPL 428,2460600.5,0.2842,1.574,1.127,32.96,53.43,1.98,339.98,78.94,2.02,0.4989,0.216,15.03,AMO,,
Y,Y,451124 (2009 KC3),2.188,JPL 99,2460600.5,0.6984,3.209,0.968,10.01,337.28,5.75,340.11,231.75,5.45,0.1715,0.00631,18.08,APO,,
Y,N,501878 (2014 WF365),2.177,JPL 56,2460600.5,0.7616,2.263,0.54,17.82,15.22,3.41,165.7,288.62,3.99,0.2894,0.286,17.26,APO,,
Y,N,413192 (2002 VY94),2.16,JPL 99,2460600.5,0.6568,3.245,1.114,9.12,233.33,5.85,280.81,238.98,5.38,0.1686,0.177,16.9,AMO,,
Y,Y,436671 (2011 SV71),2.159,JPL 57,2460600.5,0.6102,2.628,1.025,13.42,190.53,4.26,80.59,63.01,4.23,0.2313,0.0164,18,AMO,,
Y,Y,143624 (2003 HM16),2.137,JPL 250,2460600.5,0.5773,1.967,0.831,35.54,47.18,2.76,195.84,262.55,3.1,0.3573,0.0499,15.96,APO,,
Y,N, 39796 (1997 TD),2.131,JPL 337,2460600.5,0.4677,2.251,1.198,12.91,171.01,3.38,158.94,10.19,3.3,0.2919,0.19,15.76,AMO,,
Y,N,243025 (2006 UM216),2.123,JPL 181,2460600.5,0.524,2.674,1.273,15.89,146.67,4.37,251.05,53.3,4.07,0.2255,0.313,16.06,AMO,,
Y,N, 11066 Sigurd (1992 CC1),2.104,JPL 378,2460600.5,0.3754,1.392,0.869,36.88,22.03,1.64,349.22,75.15,1.91,0.6004,0.118,15.23,APO,,
Y,N, 86324 (1999 WA2),2.102,JPL 306,2460600.5,0.4346,1.967,1.112,34.6,75.33,2.76,293.64,60.76,2.82,0.3574,0.343,15.83,AMO,,
Y,N,  1863 Antinous (1948 EA),2.1,JPL 238,2460600.5,0.6063,2.261,0.89,18.35,268.57,3.4,346,173.83,3.63,0.2898,0.187,15.45,APO,,
Y,N,445025 (2008 NS1),2.098,JPL 31,2460600.5,0.809,2.409,0.46,13.47,211.12,3.74,305.78,125.46,4.36,0.2637,0.17,17.43,APO,,
Y,N,465098 (2006 UQ217),2.073,JPL 94,2460600.5,0.5897,2.989,1.226,22.22,240.3,5.17,84.58,195.77,4.75,0.1907,0.351,16.62,AMO,,
Y,N,  3753 Cruithne (1986 TO),2.071,JPL 272,2460600.5,0.5148,0.9978,0.484,19.8,43.88,0.997,126.19,308.8,1.51,0.9889,0.0712,15.47,ATE,,
Y,Y, 12923 Zephyr (1999 GK4),2.06,JPL 450,2460600.5,0.4918,1.963,0.998,5.3,147.13,2.75,168.17,51.56,2.93,0.3584,0.0218,15.82,APO,,
Y,N,304153 (2006 OU10),2.054,JPL 49,2460600.5,0.3494,1.755,1.142,33.69,173.49,2.32,335.2,138.27,2.37,0.4241,0.155,17.81,AMO,,
Y,N,184990 (2006 KE89),2.039,JPL 322,2460600.5,0.7991,1.053,0.212,45.12,299.23,1.08,88.59,316.5,1.9,0.9117,0.228,16.43,APO,,
Y,N, 89355 (2001 VS78),2.038,JPL 533,2460600.5,0.3086,1.787,1.235,22.66,85.04,2.39,103.04,164.77,2.34,0.4127,0.445,15.8,AMO,,
Y,N, 85818 (1998 XM4),2.028,JPL 211,2460600.5,0.416,1.657,0.968,62.72,301.22,2.13,235.64,306.51,2.35,0.4622,0.112,15.46,APO,,
Y,N,442742 (2012 WP3),2.003,JPL 188,2460600.5,0.384,2.1,1.294,22.57,141.75,3.04,227.15,358.61,2.91,0.3238,0.349,17.77,AMO,,
Y,Y,153591 (2001 SN263),2,JPL 316,2460600.5,0.4799,1.988,1.034,6.69,173.04,2.8,325.72,343.42,2.94,0.3517,0.0493,17.11,AMO,,
Y,N,676261 (2016 EE156),1.99,JPL 67,2460600.5,0.8108,2.575,0.487,28.9,175.62,4.13,134.17,2.38,4.66,0.2385,0.476,17.89,APO,,
Y,Y,242643 (2005 NZ6),1.989,JPL 126,2460600.5,0.8652,1.833,0.247,8.41,48.96,2.48,38.79,237.52,3.42,0.397,0.00589,17.38,APO,,
Y,Y,414287 (2008 OB9),1.974,JPL 93,2460600.5,0.7597,3.203,0.77,13.5,238.56,5.73,202.7,262.76,5.64,0.172,0.0123,17.73,APO,,
Y,N,162038 (1996 DH),1.959,JPL 329,2460600.5,0.2766,1.587,1.148,17.23,351.54,2,309.27,342.14,2.03,0.4931,0.135,16.68,AMO,,
Y,N,457647 (2009 CZ),1.958,JPL 32,2460600.5,0.715,2.285,0.651,21.88,189.18,3.45,46.59,177.47,3.92,0.2853,0.314,17.9,APO,,
Y,N, 87311 (2000 QJ1),1.948,JPL 382,2460600.5,0.5121,1.59,0.776,7.7,343.53,2.01,191.42,132.63,2.4,0.4915,0.108,16.52,APO,,
Y,N,105140 (2000 NL10),1.946,JPL 498,2460600.5,0.8169,0.9143,0.167,32.54,281.67,0.874,237.29,35.84,1.66,1.127,0.355,15.74,ATE,,
Y,N,417264 (2006 AT2),1.93,JPL 238,2460600.5,0.6044,2.697,1.067,21.12,39.52,4.43,143.81,47.55,4.33,0.2225,0.149,17.1,AMO,,
Y,N,  7350 (1993 VA),1.921,JPL 369,2460600.5,0.3911,1.356,0.826,7.26,336.7,1.58,133.05,183.75,1.89,0.6242,0.0799,17.18,APO,,
Y,Y,161989 Cacus (1978 CA),1.9,JPL 288,2460600.5,0.2139,1.123,0.883,26.06,102.09,1.19,161.21,338.81,1.36,0.8285,0.0153,17.31,APO,,
Y,N,413421 (2004 VA15),1.9,JPL 49,2460600.5,0.5845,2.905,1.207,17.82,332.28,4.95,34.68,19.67,4.6,0.1991,0.237,18.32,AMO,,
Y,N,409256 (2004 HO1),1.887,JPL 49,2460600.5,0.5206,2.207,1.058,25.77,265.17,3.28,43.36,57.8,3.36,0.3005,0.335,18.42,AMO,,
Y,Y,363505 (2003 UC20),1.876,JPL 311,2460600.5,0.3369,0.7812,0.518,3.78,60.16,0.691,187.93,266.87,1.04,1.427,0.0351,18.47,ATE,,
Y,N, 16834 (1997 WU22),1.87,JPL 584,2460600.5,0.4421,1.468,0.819,16,334.39,1.78,260.76,247.48,2.12,0.5541,0.145,15.8,APO,,
Y,N,209924 (2005 WS55),1.861,JPL 201,2460600.5,0.4532,2.03,1.11,23.76,203.33,2.89,283.54,136.46,2.95,0.3408,0.15,16.32,AMO,,
Y,N,  8201 (1994 AH2),1.859,JPL 154,2460600.5,0.7061,2.539,0.746,9.54,25.13,4.05,164.09,199.52,4.33,0.2436,0.1,15.95,APO,,
Y,N,482055 (2010 AH30),1.855,JPL 57,2460600.5,0.5501,2.289,1.03,43.35,118.86,3.46,104.39,43.57,3.55,0.2846,0.213,18.42,AMO,,
Y,Y,523589 (2001 HA4),1.851,JPL 66,2460600.5,0.7934,2.69,0.556,17.18,95.66,4.41,354.01,134.96,4.82,0.2234,0.025,17.79,APO,,
Y,Y,  4486 Mithra (1987 SB),1.849,JPL 363,2460600.5,0.662,2.205,0.745,3.04,169.12,3.28,82.18,156.61,3.67,0.3009,0.0462,15.61,APO,,
Y,N,462041 (2007 DL8),1.847,JPL 52,2460600.5,0.7632,2.663,0.631,19.64,135.34,4.35,154.73,341.51,4.69,0.2268,0.179,17.36,APO,,
Y,N,159686 (2002 LB6),1.845,JPL 148,2460600.5,0.6882,1.804,0.562,24.73,141.05,2.42,244.72,44.01,3.04,0.4069,0.283,16.36,APO,,
Y,N,516984 (2012 PN28),1.824,JPL 53,2460600.5,0.5316,1.78,0.834,24.48,174.91,2.38,319.04,270.11,2.73,0.4149,0.15,18.19,APO,,
Y,N, 86829 (2000 GR146),1.823,JPL 286,2460600.5,0.575,1.463,0.622,14.37,31.41,1.77,78.46,353.4,2.3,0.5572,0.203,15.83,APO,,
Y,N,437879 (2001 RX11),1.82,JPL 113,2460600.5,0.5467,2.763,1.253,13.09,307.84,4.59,343.71,21.04,4.27,0.2146,0.297,17.76,AMO,,
Y,N, 17188 (1999 WC2),1.819,JPL 185,2460600.5,0.6369,2.216,0.805,29.45,287.25,3.3,269.76,172.44,3.63,0.2989,0.0644,16.4,APO,,
Y,N,100756 (1998 FM5),1.809,JPL 289,2460600.5,0.5546,2.264,1.009,11.58,312.06,3.41,176.51,293.21,3.52,0.2892,0.0946,16.34,APO,,
Y,N, 27346 (2000 DN8),1.802,JPL 321,2460600.5,0.399,1.875,1.127,36.95,269.29,2.57,135.19,295.12,2.62,0.3838,0.444,15.89,AMO,,
Y,N,  4401 Aditi (1985 TB),1.801,JPL 223,2460600.5,0.5633,2.584,1.128,26.63,68.15,4.15,22.78,133.5,4.04,0.2373,0.335,16.12,AMO,,
Y,Y,  2201 Oljato (1947 XC),1.8,JPL 270,2460600.5,0.7107,2.179,0.63,2.52,98.37,3.22,74.87,334.42,3.73,0.3065,0.00259,15.36,APO,,
Y,N,  3360 Syrinx (1981 VA),1.8,JPL 136,2460600.5,0.7457,2.468,0.628,21.14,63.56,3.88,242.46,49.58,4.31,0.2542,0.106,16.04,APO,,
Y,N,  4197 Morpheus (1982 TA),1.8,JPL 200,2460600.5,0.7724,2.295,0.522,12.6,122.55,3.48,7.01,357.11,4.07,0.2835,0.0985,15.03,APO,,
Y,Y,  7335 (1989 JA),1.8,JPL 223,2460600.5,0.4846,1.772,0.913,15.17,232.27,2.36,61.28,349.17,2.63,0.4178,0.0231,17.7,APO,,
Y,N,414746 (2010 EH20),1.8,JPL 66,2460600.5,0.5226,2.622,1.252,23.87,207.71,4.25,120.65,117.67,3.99,0.2322,0.27,17.86,AMO,,
Y,N, 68350 (2001 MK3),1.794,JPL 526,2460600.5,0.2474,1.67,1.257,29.57,328.54,2.16,128.84,128.57,2.08,0.4568,0.304,16.14,AMO,,
Y,N,159518 (2001 FF7),1.784,JPL 59,2460600.5,0.4451,2.104,1.168,47.47,59.43,3.05,190.09,240.4,3.04,0.3229,0.342,18,AMO,,
Y,Y,529668 (2010 JL33),1.778,JPL 100,2460600.5,0.735,2.677,0.709,5.38,309.89,4.38,52.45,70.72,4.65,0.225,0.0313,17.89,APO,,
Y,N,350513 (2000 BG19),1.77,JPL 44,2460600.5,0.5566,2.675,1.186,12.41,82.42,4.37,145.23,220.41,4.16,0.2253,0.293,18.05,AMO,,
Y,N,529718 (2010 KY127),1.77,JPL 33,2460600.5,0.8827,2.49,0.292,60.79,357.16,3.93,6.85,210.41,4.69,0.2508,0.708,16.83,APO,,
Y,N,159459 (2000 KB),1.769,JPL 63,2460600.5,0.7989,2.337,0.47,56.17,185.38,3.57,185.36,277.36,4.2,0.2759,0.531,16.33,APO,,
Y,N,153842 (2001 XT30),1.759,JPL 205,2460600.5,0.5668,2.751,1.192,9,219.45,4.56,139.83,38.21,4.31,0.216,0.21,16.7,AMO,,
Y,Y, 52768 (1998 OR2),1.75,JPL 368,2460600.5,0.5755,2.38,1.01,5.88,174.59,3.67,26.94,81.21,3.75,0.2685,0.00979,16.04,APO,A large PHA that made a notable close approach to Earth in 2020.,
Y,N, 90367 (2003 LC5),1.748,JPL 215,2460600.5,0.4263,1.156,0.663,16.88,313.86,1.24,86.82,332.13,1.65,0.7934,0.152,17.94,APO,,
Y,N,391151 (2005 YY93),1.745,JPL 61,2460600.5,0.8831,2.581,0.302,24.51,312.8,4.15,295.47,170.71,4.86,0.2377,0.0973,17.23,APO,,
Y,N,276786 (2004 KD1),1.72,JPL 182,2460600.5,0.3303,1.72,1.152,10.13,9.9,2.25,271.46,15.09,2.29,0.4371,0.138,17.83,AMO,,
Y,Y,164121 (2003 YT1),1.717,JPL 263,2460600.5,0.292,1.11,0.786,44.06,91,1.17,38.31,235.13,1.43,0.843,0.0046,16.18,APO,,
Y,N,242147 (2003 BH84),1.687,JPL 99,2460600.5,0.7196,1.959,0.549,23.34,35.57,2.74,283.2,77.66,3.37,0.3594,0.302,17.02,APO,,
Y,Y,163243 (2002 FB3),1.682,JPL 295,2460600.5,0.6016,0.7616,0.303,20.28,148.34,0.665,203.56,109.4,1.22,1.483,0.00238,16.47,ATE,,
Y,N,  7889 (1994 LX),1.68,JPL 487,2460600.5,0.3463,1.262,0.825,36.91,349.18,1.42,111.26,337.1,1.7,0.6956,0.154,15.32,APO,,
Y,N,614599 (2010 AB78),1.671,JPL 42,2460600.5,0.5463,2.255,1.023,33.25,296.52,3.39,316.89,99.46,3.49,0.2911,0.207,18.31,AMO,,
Y,N,  5645 (1990 SP),1.668,JPL 269,2460600.5,0.3873,1.355,0.83,13.51,48.27,1.58,45.71,164.51,1.88,0.6251,0.0538,17.23,APO,,
Y,N,307493 (2002 XP90),1.666,JPL 96,2460600.5,0.5861,2.079,0.861,23.12,324.19,3,78.55,116.65,3.3,0.3287,0.0501,18.57,APO,,
Y,Y, 12538 (1998 OH),1.663,JPL 592,2460600.5,0.4058,1.542,0.916,24.54,321.79,1.91,220.69,317.04,2.17,0.5149,0.0269,15.97,APO,,
Y,N,247156 (2000 YH29),1.655,JPL 48,2460600.5,0.5275,2.218,1.048,21.85,284.85,3.3,103.67,93.01,3.39,0.2984,0.27,18.16,AMO,,
Y,N,225416 (1999 YC),1.651,JPL 114,2460600.5,0.8304,1.422,0.241,38.27,156.45,1.7,64.75,198.44,2.6,0.5812,0.248,17.38,APO,,
Y,Y, 68950 (2002 QF15),1.65,JPL 521,2460600.5,0.3443,1.057,0.693,25.15,255.57,1.09,236.21,54.57,1.42,0.9069,0.00746,16.39,APO,,
Y,Y,  2102 Tantalus (1975 YA),1.649,JPL 260,2460600.5,0.2993,1.29,0.904,64,61.52,1.47,94.35,78.27,1.68,0.6726,0.0436,16,APO,,
Y,Y,511008 (2013 PX6),1.647,JPL 65,2460600.5,0.6515,2.597,0.905,13.66,229.7,4.19,187.37,225.56,4.29,0.2355,0.0298,18.55,APO,,
Y,N,152931 (2000 EA107),1.646,JPL 280,2460600.5,0.4557,0.9297,0.506,28.58,278.02,0.897,52.88,337.31,1.35,1.099,0.16,16.34,ATE,,
Y,N, 40267 (1999 GJ4),1.641,JPL 612,2460600.5,0.8084,1.339,0.256,34.48,211.96,1.55,148.21,36.46,2.42,0.6363,0.157,15.55,APO,,
Y,N,322775 (2001 HA8),1.632,JPL 90,2460600.5,0.5291,2.388,1.125,11.46,202.74,3.69,95.69,100.43,3.65,0.267,0.124,17.27,AMO,,
Y,N,455594 (2004 SV55),1.625,JPL 66,2460600.5,0.6582,1.759,0.601,41.17,280.87,2.33,344.5,235.45,2.92,0.4225,0.0912,17.99,APO,,
Y,N,  9202 (1993 PB),1.617,JPL 189,2460600.5,0.6078,1.424,0.558,40.8,212.36,1.7,315.89,225.05,2.29,0.5802,0.372,16.12,APO,,
Y,N,250614 (2005 GG),1.617,JPL 133,2460600.5,0.6595,2.042,0.695,34.84,335.28,2.92,106.38,265.76,3.39,0.3378,0.249,16.22,APO,,
Y,Y,  7822 (1991 CS),1.602,JPL 315,2460600.5,0.1646,1.123,0.938,37.12,249.45,1.19,156.84,182.35,1.31,0.8285,0.0226,17.34,APO,,
Y,N,  3102 Krok (1981 QA),1.6,JPL 399,2460600.5,0.4493,2.151,1.185,8.44,154.77,3.15,172.05,241.78,3.12,0.3124,0.184,16.17,AMO,,
Y,N,385402 (2002 WZ2),1.597,JPL 33,2460600.5,0.8844,2.461,0.284,51.27,48.2,3.86,261.27,254.36,4.64,0.2552,0.13,17.17,APO,,
Y,N,142781 (2002 UM11),1.595,JPL 166,2460600.5,0.3879,1.951,1.194,41.03,229.03,2.73,228.97,340.2,2.71,0.3616,0.311,16.25,AMO,,
Y,N, 19764 (2000 NF5),1.572,JPL 367,2460600.5,0.4428,2.235,1.245,1.33,9.75,3.34,281.4,106.69,3.22,0.295,0.23,16.11,AMO,,
Y,Y,  8566 (1996 EN),1.568,JPL 288,2460600.5,0.4302,1.506,0.858,37.97,125.13,1.85,164.12,90.11,2.15,0.5331,0.0214,16.48,APO,,
Y,N, 54789 (2001 MZ7),1.567,JPL 812,2460600.5,0.2872,1.776,1.266,24.46,20.04,2.37,130.05,65.45,2.29,0.4164,0.294,15.08,AMO,,
Y,Y, 39572 (1993 DQ1),1.554,JPL 174,2460600.5,0.4927,2.036,1.033,10.03,344.85,2.91,313.5,205.8,3.04,0.3392,0.0282,16.56,AMO,,
Y,N,241596 (1998 XM2),1.548,JPL 190,2460600.5,0.3402,1.805,1.191,27.1,99.09,2.43,248.52,270.75,2.42,0.4064,0.414,17.24,AMO,,
Y,N,  5653 Camarillo (1992 WD5),1.537,JPL 457,2460600.5,0.3042,1.794,1.248,6.87,122.62,2.4,9.89,63.97,2.34,0.4101,0.284,16.22,AMO,,
Y,N,498143 (2007 TR65),1.531,JPL 60,2460600.5,0.5616,1.154,0.506,43.49,215.75,1.24,23.75,330.31,1.8,0.7948,0.296,18.8,APO,,
Y,N,230979 (2005 AT42),1.522,JPL 164,2460600.5,0.6136,2.858,1.104,11.21,52.9,4.83,156.88,7.18,4.61,0.204,0.174,16.59,AMO,,
Y,N,489203 (2006 JT),1.52,JPL 19,2460600.5,0.4781,2.403,1.254,36.38,162.61,3.72,20.89,353.16,3.55,0.2647,0.269,18.65,AMO,,
Y,Y,369264 (2009 MS),1.515,JPL 79,2460600.5,0.57,2.005,0.862,52.38,219.54,2.84,252.05,269.44,3.15,0.3472,0.043,16.34,APO,,
Y,N,452313 (1998 XR16),1.514,JPL 63,2460600.5,0.5814,2.273,0.951,20.5,68.57,3.43,91.48,171.98,3.59,0.2877,0.162,18.6,APO,,
Y,N,303174 (2004 FH11),1.504,JPL 334,2460600.5,0.4461,2.256,1.25,21.38,88.01,3.39,203.56,357.65,3.26,0.2908,0.461,16.72,AMO,,
Y,Y,  1862 Apollo (1932 HA),1.5,JPL 534,2460600.5,0.5599,1.471,0.647,6.35,286.03,1.78,35.56,252.87,2.29,0.5527,0.026,16.08,APO,,
Y,N,  3103 Eger (1982 BB),1.5,JPL 833,2460600.5,0.3542,1.404,0.907,20.93,254.12,1.66,129.73,304.12,1.9,0.5924,0.0799,15.32,APO,,
Y,Y,  3671 Dionysus (1984 KD),1.5,JPL 210,2460600.5,0.542,2.2,1.008,13.54,204.33,3.26,82.05,131.35,3.39,0.302,0.022,16.5,APO,,
Y,N,504994 (2011 JU2),1.492,JPL 27,2460600.5,0.4605,2.014,1.086,56.11,301.3,2.86,47.21,184.74,2.94,0.3449,0.267,18.41,AMO,,
Y,N,474549 (2003 WX153),1.488,JPL 78,2460600.5,0.6026,2.186,0.869,32.54,63.15,3.23,91.35,141.72,3.5,0.3049,0.0877,18.07,APO,,
Y,N, 66008 (1998 QH2),1.484,JPL 294,2460600.5,0.3627,1.426,0.909,61,14.01,1.7,168.93,270.26,1.94,0.5787,0.0748,15.99,APO,,
Y,N,275611 (1999 XX262),1.483,JPL 253,2460600.5,0.1819,1.533,1.254,8.23,102.7,1.9,334.64,46.66,1.81,0.5194,0.311,18.15,AMO,,
Y,N,238063 (2003 EG),1.47,JPL 142,2460600.5,0.7136,1.738,0.498,31.79,326.94,2.29,359.03,98.05,2.98,0.4301,0.363,16.58,APO,,
Y,N,414772 (2010 OC103),1.466,JPL 58,2460600.5,0.672,1.195,0.392,23.11,178.33,1.31,17.94,94.31,2,0.7549,0.333,19.14,APO,,
Y,Y, 85989 (1999 JD6),1.462,JPL 497,2460600.5,0.6329,0.8831,0.324,17.07,309.25,0.83,130.15,338.43,1.44,1.188,0.0475,17.11,ATE,,
Y,N,  5828 (1991 AM),1.457,JPL 229,2460600.5,0.6949,1.698,0.518,30.12,152.77,2.21,125.42,57.64,2.88,0.4454,0.398,15.98,APO,,
Y,Y,410778 (2009 FG19),1.457,JPL 91,2460600.5,0.7191,2.912,0.818,54.5,120.4,4.97,187.51,17.41,5.01,0.1984,0.0256,18.14,APO,,
Y,N,190119 (2004 VA64),1.451,JPL 61,2460600.5,0.8903,2.469,0.271,29.86,20,3.88,225.51,71.2,4.67,0.2541,0.299,17.05,APO,,
Y,Y,471241 (2011 BX18),1.451,JPL 111,2460600.5,0.7312,2.872,0.772,14.62,304.22,4.87,310.56,253.95,4.97,0.2026,0.0329,18.58,APO,,
Y,N,513550 (2010 NG3),1.451,JPL 92,2460600.5,0.569,2.612,1.126,26.99,194.92,4.22,64.02,158.95,4.1,0.2334,0.126,17.18,AMO,,
Y,N,530871 (2011 WS2),1.434,JPL 37,2460600.5,0.7434,1.009,0.259,46.79,307.67,1.01,326.74,305.32,1.76,0.9718,0.0929,17.25,APO,,
Y,N,418929 (2009 DM1),1.432,JPL 231,2460600.5,0.641,2.893,1.038,15.21,219.73,4.92,197.59,71.49,4.75,0.2003,0.108,17.03,AMO,,
Y,N,108519 (2001 LF),1.423,JPL 225,2460600.5,0.2709,1.604,1.169,16.4,343.88,2.03,267.25,195.38,2.04,0.4853,0.162,17.95,AMO,,
Y,N,338347 (2002 XG4),1.42,JPL 81,2460600.5,0.4781,2.268,1.184,20.98,238.53,3.42,259.12,127.79,3.35,0.2886,0.317,18.31,AMO,,
Y,N,  6611 (1993 VW),1.408,JPL 279,2460600.5,0.4846,1.696,0.874,8.7,281.59,2.21,230.77,315.03,2.52,0.4461,0.0611,16.9,APO,,
Y,Y, 89959 (2002 NT7),1.407,JPL 194,2460600.5,0.5284,1.735,0.818,42.36,300.71,2.29,132,206.61,2.65,0.4311,0.000874,16.57,APO,,
Y,Y,162510 (2000 QW69),1.406,JPL 177,2460600.5,0.3023,1.376,0.96,38.14,220.73,1.61,344.33,91.4,1.79,0.6105,0.0262,17.6,APO,,
Y,Y,  4769 Castalia (1989 PB),1.4,JPL 147,2460600.5,0.4832,1.063,0.549,8.88,121.44,1.1,325.51,324.11,1.58,0.8992,0.0205,17.5,APO,,
Y,N,  6063 Jason (1984 KB),1.4,JPL 214,2460600.5,0.7622,2.22,0.528,4.96,337.61,3.31,169.03,99.9,3.91,0.2979,0.0763,16.02,APO,,
Y,N, 99907 (1989 VA),1.4,JPL 212,2460600.5,0.5948,0.7284,0.295,28.8,2.87,0.622,225.58,241.61,1.16,1.586,0.155,17.93,ATE,,
Y,N,152558 (1990 SA),1.4,JPL 122,2460600.5,0.4415,2.014,1.125,38.14,115.1,2.86,172.16,0.22,2.9,0.3449,0.309,16.86,AMO,,
Y,Y,217628 Lugh (1990 HA),1.4,JPL 79,2460600.5,0.7115,2.527,0.729,4.44,316.15,4.02,177.75,160.51,4.33,0.2453,0.0334,16.68,APO,,
Y,N,345813 (2007 HX4),1.377,JPL 50,2460600.5,0.3319,1.318,0.88,56.56,14.55,1.51,41.67,300.76,1.75,0.6517,0.104,17.8,APO,,
Y,Y,620094 (2016 AJ193),1.374,JPL 55,2460600.5,0.8163,3.261,0.599,22.57,82.14,5.89,331.16,185.53,5.92,0.1673,0.015,18.98,APO,,
Y,N,137925 (2000 BJ19),1.372,JPL 460,2460600.5,0.7637,1.292,0.305,31.11,175.52,1.47,131.22,146.39,2.28,0.6713,0.39,16.07,APO,,
Y,N, 88188 (2000 XH44),1.371,JPL 513,2460600.5,0.391,2.008,1.223,11.34,195.38,2.85,340.12,82.77,2.79,0.3463,0.236,16.08,AMO,,
Y,Y,385343 (2002 LV),1.359,JPL 294,2460600.5,0.6052,2.314,0.914,29.53,224.23,3.52,132.15,100.45,3.72,0.2799,0.00784,16.56,APO,,
Y,N, 54686 (2001 DU8),1.349,JPL 240,2460600.5,0.3419,1.777,1.169,33.21,265.9,2.37,161.69,47.38,2.38,0.4162,0.433,16.62,AMO,,
Y,N, 86326 (1999 WK13),1.348,JPL 159,2460600.5,0.3627,1.844,1.176,34.31,312.61,2.5,78.44,350,2.51,0.3935,0.28,17.42,AMO,,
Y,N,  5863 Tara (1983 RB),1.345,JPL 271,2460600.5,0.5065,2.222,1.097,19.49,115.62,3.31,168.76,166.87,3.35,0.2976,0.234,15.84,AMO,,
Y,N,399433 (2001 YK4),1.339,JPL 51,2460600.5,0.777,2.654,0.592,4.38,210.84,4.32,155.7,112.87,4.72,0.2279,0.0644,18.58,APO,,
Y,N,153195 (2000 WB1),1.327,JPL 93,2460600.5,0.619,1.301,0.496,41.11,262.9,1.48,21.38,99.6,2.11,0.6638,0.0909,17.51,APO,,
Y,Y, 66391 Moshup (1999 KW4),1.317,JPL 366,2460600.5,0.6884,0.6424,0.2,38.88,192.65,0.515,244.9,296.9,1.08,1.914,0.0145,16.64,ATE,"A binary asteroid system, where a smaller moon orbits a larger primary. Passed Earth in 2019",
Y,N, 11398 (1998 YP11),1.316,JPL 489,2460600.5,0.3895,1.721,1.05,15.02,74.76,2.26,144.74,107,2.39,0.4367,0.204,16.41,AMO,,
Y,N,380188 (2000 WC67),1.312,JPL 52,2460600.5,0.5823,2.674,1.117,9.93,251.66,4.37,249.74,130.21,4.23,0.2255,0.212,18.84,AMO,,
Y,N, 55532 (2001 WG2),1.306,JPL 164,2460600.5,0.6957,1.794,0.546,38.55,132.4,2.4,81.4,134.29,3.04,0.4101,0.339,16.14,APO,,
Y,N,  4544 Xanthus (1989 FB),1.3,JPL 405,2460600.5,0.2501,1.042,0.781,14.14,333.83,1.06,23.95,354.5,1.3,0.9267,0.173,17.38,APO,,
Y,Y, 29075 (1950 DA),1.3,JPL 265,2460600.5,0.5077,1.699,0.836,12.16,224.76,2.21,356.59,223.31,2.56,0.4451,0.0385,17.29,APO,Has a potential impact risk in the year 2880; one of the most hazardous known objects,
Y,N,  7088 Ishtar (1992 AA),1.298,JPL 272,2460600.5,0.3903,1.981,1.208,8.3,354.78,2.79,102.61,271.76,2.75,0.3535,0.226,16.84,AMO,,
Y,N, 11885 Summanus (1990 SS),1.298,JPL 82,2460600.5,0.4744,1.703,0.895,19.43,116.2,2.22,359.78,59.35,2.51,0.4434,0.0686,18.52,APO,,
Y,N,153219 (2000 YM29),1.289,JPL 120,2460600.5,0.4356,2.089,1.179,40.33,0.99,3.02,116.54,313.41,3,0.3265,0.196,18.54,AMO,,
Y,N,510262 (2011 HJ61),1.284,JPL 53,2460600.5,0.4178,1.484,0.864,21.08,191.04,1.81,216.04,322.73,2.1,0.5453,0.124,19.23,APO,,
Y,Y,103067 (1999 XA143),1.282,JPL 168,2460600.5,0.5812,1.844,0.772,38.56,104.1,2.5,116.52,289.32,2.92,0.3937,0.0422,16.83,APO,,
Y,N,331792 (2003 MT2),1.275,JPL 147,2460600.5,0.5337,2.685,1.252,27.92,304.53,4.4,305.08,319.94,4.12,0.224,0.374,16.02,AMO,,
Y,N,429746 (2011 SA16),1.275,JPL 55,2460600.5,0.5328,2.733,1.277,20.12,317.49,4.52,275.39,21.85,4.19,0.2181,0.328,17.27,AMO,,
Y,N,431107 (2006 GU),1.266,JPL 95,2460600.5,0.5845,2.694,1.119,17.68,146.15,4.42,149.11,26.18,4.27,0.2229,0.153,17.69,AMO,,
Y,N,137062 (1998 WM),1.265,JPL 357,2460600.5,0.3153,1.225,0.838,22.52,172.59,1.36,45.62,270.84,1.61,0.7273,0.167,16.77,APO,,
Y,Y,140288 (2001 SN289),1.263,JPL 102,2460600.5,0.5082,1.784,0.877,53.19,225.64,2.38,357.06,344.42,2.69,0.4135,0.016,16.74,APO,,
Y,N,212359 (2006 EV52),1.261,JPL 134,2460600.5,0.7073,2.016,0.59,15.95,167.15,2.86,168.48,70.34,3.44,0.3443,0.257,16.7,APO,,
Y,N,413123 (2001 XS1),1.258,JPL 68,2460600.5,0.5564,2.671,1.185,10.94,164.79,4.36,266.9,89.08,4.16,0.2258,0.205,18.99,AMO,,
Y,N,322763 (2001 FA7),1.252,JPL 132,2460600.5,0.536,2.007,0.931,22.83,62.67,2.84,352.36,167.22,3.08,0.3466,0.104,17.21,APO,,
Y,N,450238 (2002 XN40),1.25,JPL 56,2460600.5,0.4267,2.17,1.244,25.62,216.53,3.2,270.95,274.93,3.1,0.3083,0.313,18.36,AMO,,
Y,N,620091 (2015 FD341),1.248,JPL 23,2460600.5,0.6751,0.9552,0.31,20.54,67.01,0.934,7.52,172.2,1.6,1.056,0.124,17.73,ATE,,
Y,N, 86067 (1999 RM28),1.245,JPL 268,2460600.5,0.3236,1.817,1.229,30.55,301.86,2.45,136.04,32.99,2.4,0.4024,0.365,16.46,AMO,,
Y,Y,194268 (2001 UY4),1.244,JPL 114,2460600.5,0.7875,1.453,0.309,5.44,107.81,1.75,160.69,74.45,2.6,0.5628,0.0259,18.34,APO,,
Y,N,455795 (2005 SF),1.242,JPL 35,2460600.5,0.6545,1.951,0.674,10.11,148.91,2.73,110.42,18.31,3.23,0.3617,0.131,18.84,APO,,
Y,N,218863 (2006 WO127),1.237,JPL 349,2460600.5,0.5477,2.197,0.994,11.03,314.47,3.26,167.51,185.41,3.4,0.3027,0.0761,16.34,APO,,
Y,N,413038 (2001 MF1),1.237,JPL 139,2460600.5,0.5773,2.648,1.119,23.98,76.61,4.31,288.59,124.46,4.18,0.2287,0.341,16.93,AMO,,
Y,N,277616 (2006 BN6),1.236,JPL 91,2460600.5,0.6943,2.577,0.788,18.75,338.86,4.14,249.38,185.67,4.37,0.2383,0.173,17.41,APO,,
Y,N, 53430 (1999 TY16),1.233,JPL 187,2460600.5,0.4035,2.099,1.252,60.41,156.95,3.04,241.92,90.24,2.95,0.3242,0.291,16.66,AMO,,
Y,N,142040 (2002 QE15),1.232,JPL 423,2460600.5,0.3446,1.667,1.093,28.25,160.54,2.15,226.38,74.23,2.24,0.458,0.116,16.26,AMO,,
Y,N,137084 (1998 XS16),1.228,JPL 423,2460600.5,0.4967,1.212,0.61,26.56,358.32,1.33,272.98,318.55,1.81,0.7385,0.405,16.48,APO,,
Y,N, 66251 (1999 GJ2),1.222,JPL 520,2460600.5,0.1979,1.536,1.232,11.28,142.54,1.9,196.19,25.17,1.84,0.518,0.248,17.04,AMO,,
Y,N,138883 (2000 YL29),1.222,JPL 247,2460600.5,0.3439,1.536,1.008,21.89,115.86,1.9,182.75,4.78,2.06,0.5177,0.139,16.85,APO,,
Y,N,394130 (2006 HY51),1.218,JPL 76,2460600.5,0.9685,2.589,0.081,33.58,342,4.16,40.59,133.43,5.1,0.2367,0.113,17.22,APO,,
Y,N,499490 (2010 MW),1.202,JPL 48,2460600.5,0.4709,2.278,1.205,21.36,105.65,3.44,246.25,20.57,3.35,0.2867,0.387,18.99,AMO,,
Y,N,249886 (2001 RY11),1.201,JPL 187,2460600.5,0.2833,1.483,1.063,22.84,71.55,1.81,295.49,266.51,1.9,0.5457,0.199,17.62,AMO,,
Y,N,612929 (2005 CR37),1.201,JPL 51,2460600.5,0.4686,1.904,1.012,26.05,209.81,2.63,335.52,159.69,2.8,0.3751,0.0636,18.9,APO,,
Y,N,  1865 Cerberus (1971 UA),1.2,JPL 360,2460600.5,0.4668,1.08,0.576,16.1,325.29,1.12,212.89,328.39,1.58,0.8782,0.157,16.79,APO,,
Y,Y,297274 (1996 SK),1.199,JPL 83,2460600.5,0.7905,2.445,0.512,1.97,286.33,3.82,195.51,113.57,4.38,0.2577,0.00627,16.93,APO,,
Y,N,355770 (2008 RE80),1.199,JPL 104,2460600.5,0.2461,1.481,1.117,16.59,26.26,1.8,182,108.65,1.85,0.5466,0.138,18.38,AMO,,
Y,Y,175706 (1996 FG3),1.196,JPL 159,2460600.5,0.3501,1.055,0.686,1.97,24.06,1.08,299.5,32.72,1.42,0.9095,0.0281,18.32,APO,,
Y,N,511243 (2014 BS32),1.195,JPL 87,2460600.5,0.2173,1.576,1.234,11.64,271.3,1.98,334.93,42.32,1.92,0.498,0.315,18.9,AMO,,
Y,N, 54401 (2000 LM),1.189,JPL 209,2460600.5,0.2624,1.711,1.262,18.95,67.06,2.24,240.84,297.05,2.16,0.4405,0.356,17.23,AMO,,
Y,Y, 68548 (2001 XR31),1.182,JPL 250,2460600.5,0.4368,1.707,0.961,22.72,24.71,2.23,302.02,186.5,2.45,0.4419,0.0247,16.57,APO,,
Y,N,397237 (2006 KZ112),1.18,JPL 77,2460600.5,0.887,2.523,0.285,37.83,358.2,4.01,166.32,225.12,4.76,0.246,0.53,16.75,APO,,
Y,N,100926 (1998 MQ),1.174,JPL 278,2460600.5,0.4074,1.783,1.057,24.24,138.81,2.38,221.09,329.51,2.51,0.414,0.13,16.65,AMO,,
Y,N, 26817 (1987 QB),1.172,JPL 38,2460600.5,0.5938,2.804,1.139,3.5,156.55,4.7,153.19,336.97,4.47,0.2099,0.128,19.49,AMO,,
Y,N,323179 (2003 HR32),1.17,JPL 88,2460600.5,0.6869,1.748,0.547,8.28,352.74,2.31,341.92,64.2,2.95,0.4264,0.141,18.12,APO,,
Y,N,614603 (2010 CM),1.168,JPL 35,2460600.5,0.5303,2.628,1.234,7.43,94.42,4.26,124.97,127.77,4.02,0.2314,0.27,18.52,AMO,,
Y,N,230118 (2001 DB3),1.166,JPL 101,2460600.5,0.5604,2.683,1.179,24.5,264.58,4.39,340.43,104.81,4.19,0.2243,0.44,17.09,AMO,,
Y,N, 86666 (2000 FL10),1.165,JPL 335,2460600.5,0.4271,1.463,0.838,29.01,258.87,1.77,186.91,1.21,2.09,0.5569,0.0815,16.92,APO,,
Y,N,159560 (2001 TO103),1.156,JPL 114,2460600.5,0.4342,2.214,1.253,25.73,261.64,3.29,42.23,47.67,3.18,0.2992,0.475,17.14,AMO,,
Y,N,434632 (2005 WE),1.15,JPL 60,2460600.5,0.2513,1.151,0.862,12.37,22.65,1.24,289.92,185.52,1.44,0.7981,0.126,19.88,APO,,
Y,N,326388 (2001 QD96),1.142,JPL 111,2460600.5,0.4963,1.274,0.642,17.96,145.78,1.44,330.28,275.58,1.91,0.6855,0.233,18.39,APO,,
Y,N, 85839 (1998 YO4),1.14,JPL 390,2460600.5,0.2481,1.654,1.243,9.32,199.67,2.13,28.51,271.64,2.06,0.4635,0.242,16.63,AMO,,
Y,N,164206 (2004 FN18),1.138,JPL 128,2460600.5,0.4096,1.701,1.004,18.28,232.85,2.22,214.42,171.41,2.4,0.4443,0.112,17.7,APO,,
Y,N,371336 (2006 KD1),1.137,JPL 69,2460600.5,0.7849,2.48,0.533,30.79,338.25,3.91,168.92,268.8,4.43,0.2523,0.413,17.38,APO,,
Y,Y,235756 (2004 VC),1.136,JPL 93,2460600.5,0.2589,1.133,0.84,39.15,94.18,1.21,194.16,257.83,1.43,0.8169,0.0354,18.58,APO,,
Y,N,  9162 Kwiila (1987 OA),1.127,JPL 155,2460600.5,0.5956,1.497,0.605,9.01,235.83,1.83,179.99,77.31,2.39,0.5383,0.0809,18.02,APO,,
Y,N,139289 (2001 KR1),1.126,JPL 131,2460600.5,0.8413,1.26,0.2,23.26,291.49,1.41,102.71,148.11,2.32,0.6972,0.177,17.75,APO,,
Y,N,232382 (2003 BT47),1.123,JPL 155,2460600.5,0.4935,2.335,1.183,7.45,235.7,3.57,352.42,5.08,3.49,0.2762,0.209,17.25,AMO,,
Y,N,154029 (2002 CY46),1.119,JPL 198,2460600.5,0.4623,1.89,1.016,44.19,319.41,2.6,346.14,170.93,2.76,0.3794,0.0877,16.51,APO,,
Y,Y, 99248 (2001 KY66),1.115,JPL 287,2460600.5,0.5073,1.867,0.92,10.61,61.58,2.55,284.11,359.76,2.81,0.3864,0.048,16.55,APO,,
Y,N,154589 (2003 MX2),1.109,JPL 194,2460600.5,0.4587,2.29,1.24,7.18,300.64,3.47,58.65,9.53,3.34,0.2844,0.264,16.71,AMO,,
Y,N,464798 (2004 JX20),1.109,JPL 154,2460600.5,0.2657,0.9016,0.662,10.53,349.12,0.856,101.74,65.91,1.14,1.151,0.096,19.37,ATE,,
Y,N,363814 (2005 ND7),1.105,JPL 69,2460600.5,0.4824,1.964,1.017,52.57,241.49,2.75,110.06,338.98,2.91,0.358,0.191,17.99,APO,,
Y,Y,458436 (2011 AL52),1.102,JPL 46,2460600.5,0.6363,2.802,1.019,13.44,171.76,4.69,272.7,325.38,4.59,0.2101,0.0395,17.45,AMO,,
Y,N,  2062 Aten (1976 AA),1.1,JPL 149,2460600.5,0.1829,0.967,0.79,18.93,148.06,0.951,108.53,338.03,1.14,1.037,0.114,17.11,ATE,,
Y,Y, 85182 (1991 AQ),1.1,JPL 156,2460600.5,0.7777,2.22,0.494,3.12,243.23,3.31,339.4,59.27,3.95,0.2979,0.0161,17.13,APO,,
Y,N, 23183 (2000 OY21),1.098,JPL 278,2460600.5,0.4009,1.824,1.093,40.97,301.48,2.46,119.63,239.12,2.56,0.4,0.258,16.07,AMO,,
Y,N,154035 (2002 CV59),1.098,JPL 89,2460600.5,0.532,1.21,0.566,49.06,347.15,1.33,13.09,224.38,1.85,0.7405,0.426,17.38,APO,,
Y,N,162903 (2001 JV2),1.086,JPL 43,2460600.5,0.2372,1.305,0.995,47.49,301.22,1.49,216.89,316.6,1.61,0.6615,0.0891,18.63,APO,,
Y,N,138359 (2000 GX127),1.085,JPL 156,2460600.5,0.3613,1.142,0.729,20.24,4.75,1.22,43.98,185.55,1.55,0.8081,0.261,17.98,APO,,
Y,N,492478 (2014 NB39),1.084,JPL 29,2460600.5,0.686,1.675,0.526,17.02,179.66,2.17,218.45,224.86,2.82,0.4545,0.287,19.69,APO,,
Y,N,455192 (2000 QN130),1.082,JPL 74,2460600.5,0.5767,2.882,1.22,2.68,306.21,4.89,100.01,304.47,4.54,0.2015,0.233,18.37,AMO,,
Y,N,349074 (2007 BM8),1.081,JPL 64,2460600.5,0.7208,1.342,0.375,27.64,179.28,1.55,87.62,89.45,2.31,0.6343,0.407,18.42,APO,,
Y,N,437994 (2003 UL12),1.078,JPL 108,2460600.5,0.7032,3.28,0.974,19.81,275.25,5.94,192.73,176.86,5.59,0.1659,0.256,17.48,APO,,
Y,N,215442 (2002 MQ3),1.075,JPL 139,2460600.5,0.2743,0.9137,0.663,36.29,346.89,0.873,109.06,352.21,1.16,1.128,0.136,18.52,ATE,,
Y,N,415986 (2002 AT5),1.072,JPL 51,2460600.5,0.5458,2.665,1.21,25.72,181.49,4.35,332.22,68.23,4.12,0.2266,0.223,18.03,AMO,,
Y,N,356394 (2010 QD2),1.071,JPL 72,2460600.5,0.7861,2.009,0.43,10.66,125.98,2.85,120.56,12.48,3.59,0.3462,0.0608,17.46,APO,,
Y,Y,154276 (2002 SY50),1.06,JPL 152,2460600.5,0.6888,1.704,0.53,8.75,99.68,2.23,34.03,288.08,2.88,0.4429,0.00387,17.64,APO,,
Y,Y,387505 (1998 KN3),1.06,JPL 76,2460600.5,0.8734,1.542,0.195,2.29,71.25,1.92,313.24,248.78,2.89,0.5146,0.0182,18.78,APO,,
Y,N, 52750 (1998 KK17),1.059,JPL 292,2460600.5,0.5249,1.427,0.678,11.17,334.15,1.7,141.31,226.92,2.18,0.5783,0.161,16.68,APO,,
Y,N,137032 (1998 UO1),1.055,JPL 255,2460600.5,0.7636,1.595,0.377,25.49,252.54,2.02,358.37,10.4,2.81,0.4891,0.0594,16.67,APO,,
Y,Y,  7482 (1994 PC1),1.052,JPL 218,2460600.5,0.3294,1.349,0.904,33.47,47.49,1.57,117.85,246.56,1.79,0.6293,0.000596,16.66,APO,,
Y,Y,373135 (2011 SD173),1.05,JPL 65,2460600.5,0.4974,1.653,0.831,4.39,59.49,2.13,203.12,122.83,2.48,0.4638,0.00161,19.52,APO,,
Y,N,162463 (2000 JH5),1.048,JPL 178,2460600.5,0.2382,1.146,0.873,22.21,353.57,1.23,80.17,111.92,1.42,0.8038,0.11,17.97,APO,,
Y,N,364762 (2007 XC10),1.047,JPL 29,2460600.5,0.2261,1.619,1.253,47.94,112.52,2.06,254.02,113.06,1.99,0.4783,0.411,19.38,AMO,,
Y,N,190166 (2005 UP156),1.045,JPL 401,2460600.5,0.47,2.117,1.122,4.21,91.36,3.08,193.29,131.01,3.11,0.32,0.132,17.27,AMO,,
Y,N,285944 (2001 RZ11),1.044,JPL 128,2460600.5,0.5064,2.192,1.082,53.07,340.54,3.25,324.02,53.24,3.3,0.3037,0.0902,16.7,AMO,,
Y,N,175921 (2000 DM1),1.039,JPL 113,2460600.5,0.4838,1.369,0.707,20.7,306.7,1.6,342.76,63.57,2.03,0.6153,0.142,18.32,APO,,
Y,Y,488789 (2004 XK50),1.039,JPL 32,2460600.5,0.6886,1.451,0.452,38.23,104.02,1.75,94.05,88.88,2.45,0.5638,0.0415,19.13,APO,,
Y,N,141484 (2002 DB4),1.034,JPL 191,2460600.5,0.3695,0.8579,0.541,16.6,94.16,0.795,234.23,279.38,1.17,1.24,0.152,16.31,ATE,,
Y,N,276468 (2003 HQ32),1.034,JPL 88,2460600.5,0.3455,1.979,1.295,35.88,291.27,2.78,217.57,285.56,2.66,0.3541,0.481,18.09,AMO,,
Y,N,410088 (2007 EJ),1.032,JPL 189,2460600.5,0.6294,2.501,0.927,8.33,3.62,3.96,61.74,176.53,4.08,0.2492,0.0573,18.2,APO,,
Y,N,  2063 Bacchus (1977 HB),1.024,JPL 241,2460600.5,0.3494,1.078,0.701,9.44,55.34,1.12,33.04,242.55,1.45,0.8806,0.0679,17.21,APO,,
Y,N,235086 (2003 HW11),1.024,JPL 159,2460600.5,0.4659,2.352,1.256,7.4,154.24,3.61,150.39,310.06,3.45,0.2733,0.249,17.34,AMO,,
Y,N,152889 (2000 CF59),1.022,JPL 212,2460600.5,0.6409,1.679,0.603,41.55,222.47,2.18,141.75,173,2.76,0.4529,0.315,16.53,APO,,
Y,N,329915 (2005 MB),1.012,JPL 42,2460600.5,0.793,0.9854,0.204,41.36,42.86,0.978,88.6,8.49,1.77,1.008,0.0681,17.04,ATE,,
Y,N,162269 (1999 VO6),1.01,JPL 183,2460600.5,0.7378,1.135,0.298,40.13,302.53,1.21,206.83,173.19,1.97,0.8147,0.0768,16.97,APO,,
Y,N,  1221 Amor (1932 EA1),1,JPL 121,2460600.5,0.4347,1.92,1.085,11.87,26.72,2.66,171.26,271.7,2.75,0.3704,0.111,17.38,AMO,,
Y,Y,  1566 Icarus (1949 MA),1,JPL 182,2460600.5,0.827,1.078,0.187,22.8,31.43,1.12,87.95,160.86,1.97,0.8805,0.0342,16.57,APO,"Known for its extremely eccentric orbit, making close approaches to both the Sun and Earth",
Y,N,  3908 Nyx (1980 PA),1,JPL 252,2460600.5,0.4592,1.928,1.042,2.19,126.65,2.68,261.2,165.71,2.81,0.3682,0.0564,17.45,AMO,,
Y,Y,  9856 (1991 EE),1,JPL 194,2460600.5,0.6258,2.242,0.839,9.83,116.18,3.36,168.11,314.61,3.65,0.2935,0.0224,17.11,APO,,
Y,Y, 52760 (1998 ML14),1,JPL 155,2460600.5,0.6233,2.409,0.907,2.43,20.37,3.74,338.68,347.09,3.91,0.2636,0.0166,17.5,APO,,
Y,N,434740 (2006 GZ),0.997,JPL 51,2460600.5,0.3799,1.528,0.947,12.49,292.49,1.89,25.58,210.74,2.11,0.5221,0.0831,19.59,APO,,
Y,N,414586 (2009 UV18),0.996,JPL 172,2460600.5,0.6328,3.173,1.165,8.34,62.62,5.65,86.77,219.14,5.18,0.1744,0.224,16.13,AMO,,
Y,Y, 68216 (2001 CV26),0.994,JPL 484,2460600.5,0.3267,1.32,0.889,17.99,48.74,1.52,18.13,301.79,1.75,0.65,0.0241,16.62,APO,,
Y,N,315098 (2007 EX),0.993,JPL 116,2460600.5,0.4174,0.8716,0.508,18.7,78.89,0.814,297.42,344.27,1.24,1.211,0.124,16.74,ATE,,
Y,N,477524 (2010 EH43),0.991,JPL 79,2460600.5,0.0441,1.278,1.221,37.54,196.19,1.44,5.41,22.88,1.33,0.6824,0.228,18.67,AMO,,
Y,Y,377732 (2005 XJ8),0.986,JPL 174,2460600.5,0.6204,1.931,0.733,23.56,67.46,2.68,115.79,337.57,3.13,0.3672,0.0148,17.07,APO,,
Y,Y,  7341 (1991 VK),0.982,JPL 445,2460600.5,0.5061,1.841,0.909,5.41,173.48,2.5,294.73,37.89,2.77,0.3944,0.0471,16.96,APO,,
Y,Y,419880 (2011 AH37),0.982,JPL 57,2460600.5,0.6721,2.548,0.836,9.66,322.4,4.07,102.04,156.59,4.26,0.2423,0.0348,19.83,APO,,
Y,Y,505657 (2014 SR339),0.971,JPL 198,2460600.5,0.3038,1.299,0.905,29.79,299.64,1.48,138.74,217.16,1.69,0.6654,0.0368,18.48,APO,,
Y,N,137924 (2000 BD19),0.97,JPL 242,2460600.5,0.8949,0.8764,0.092,25.74,324.35,0.821,333.69,212.72,1.66,1.201,0.0899,17.5,ATE,,
Y,Y, 90416 (2003 YK118),0.968,JPL 140,2460600.5,0.4924,1.695,0.86,7.83,233.29,2.21,326.76,117.11,2.53,0.4467,0.00216,18.86,APO,,
Y,N,138847 (2000 VE62),0.965,JPL 481,2460600.5,0.2879,1.619,1.153,22.18,16.36,2.06,207.09,45.52,2.09,0.4785,0.158,17.07,AMO,,
Y,N,386720 (2009 XC2),0.964,JPL 88,2460600.5,0.5824,2.646,1.105,25.78,93.28,4.3,104.15,141.59,4.19,0.229,0.395,17.04,AMO,,
Y,N, 40263 (1999 FQ5),0.954,JPL 187,2460600.5,0.1611,1.495,1.254,25.84,198.71,1.83,172.81,151.82,1.74,0.5393,0.257,17.78,AMO,,
Y,N,453687 (2010 VY190),0.948,JPL 44,2460600.5,0.3091,1.81,1.25,19.98,142.93,2.43,241.82,273.14,2.37,0.4049,0.299,19.39,AMO,,
Y,N,438897 (2009 WN),0.946,JPL 64,2460600.5,0.2214,1.38,1.074,32.79,236.15,1.62,249.33,39.28,1.69,0.6079,0.175,18.84,AMO,,
Y,N, 68278 (2001 FC7),0.942,JPL 308,2460600.5,0.1143,1.436,1.272,2.62,234.6,1.72,99.04,107.98,1.6,0.5728,0.264,18.5,AMO,,
Y,Y, 85774 (1998 UT18),0.939,JPL 195,2460600.5,0.3288,1.403,0.942,13.59,50.15,1.66,64.62,178.64,1.86,0.5932,0.0363,19.1,APO,,
Y,Y, 10115 (1992 SK),0.938,JPL 347,2460600.5,0.325,1.249,0.843,15.32,233.69,1.4,8.89,84.54,1.65,0.7065,0.0444,17.12,APO,,
Y,N,  5381 Sekhmet (1991 JY),0.935,JPL 106,2460600.5,0.2964,0.9475,0.667,48.97,37.42,0.922,58.53,199.13,1.23,1.069,0.114,16.75,ATE,,
Y,Y,153814 (2001 WN5),0.932,JPL 187,2460600.5,0.467,1.712,0.912,1.92,44.67,2.24,277.35,110.47,2.51,0.4401,0.0015,18.29,APO,,
Y,Y, 35107 (1991 VH),0.929,JPL 517,2460600.5,0.1442,1.137,0.973,13.91,206.96,1.21,139.34,100.55,1.3,0.8126,0.0255,16.91,APO,,
Y,N,435404 (2008 AT28),0.921,JPL 70,2460600.5,0.4427,2.209,1.231,8.87,263.92,3.28,130.27,82.37,3.19,0.3001,0.291,18.63,AMO,,
Y,N,349925 (2009 WC26),0.92,JPL 101,2460600.5,0.6973,2.171,0.657,12.02,350.92,3.2,203.05,190.26,3.68,0.3081,0.198,17.35,APO,,
Y,N,333889 (1998 SV4),0.919,JPL 174,2460600.5,0.642,0.8165,0.292,53.3,359.52,0.738,177.24,287.54,1.34,1.336,0.336,18.24,ATE,,
Y,Y, 65679 (1989 UQ),0.918,JPL 153,2460600.5,0.2647,0.9148,0.673,1.3,15.01,0.875,178.08,195.92,1.16,1.126,0.014,19.62,ATE,,
Y,N,194386 (2001 VG5),0.916,JPL 336,2460600.5,0.6135,2.301,0.889,13.69,280.4,3.49,248.25,162.6,3.71,0.2823,0.116,16.96,APO,,
Y,N, 88213 (2001 AF2),0.912,JPL 89,2460600.5,0.5952,0.954,0.386,17.81,194.99,0.932,114.25,314.29,1.52,1.058,0.172,19.48,ATE,,
Y,N,243147 (2007 TX18),0.912,JPL 154,2460600.5,0.4155,2.137,1.249,7.36,16.03,3.12,284.09,211.69,3.03,0.3155,0.236,17.39,AMO,,
Y,N, 19356 (1997 GH3),0.91,JPL 101,2460600.5,0.5576,2.512,1.111,3.01,334.13,3.98,186.48,354.22,3.91,0.2476,0.123,17.01,AMO,,
Y,N,162483 (2000 PJ5),0.906,JPL 133,2460600.5,0.3737,0.8727,0.547,51.18,7.65,0.815,124.41,22.18,1.2,1.209,0.176,17.53,ATE,,
Y,Y,416801 (2005 GC120),0.906,JPL 83,2460600.5,0.4974,1.193,0.6,16.54,258.31,1.3,67.93,273.19,1.79,0.7559,0.00586,19.65,APO,,
Y,N,  2608 Seneca (1978 DA),0.9,JPL 24,2460600.5,0.5651,2.532,1.101,14.43,38.59,4.03,166.52,272.88,3.96,0.2447,0.155,17.48,AMO,,
Y,N,  3551 Verenia (1983 RD),0.9,JPL 131,2460600.5,0.487,2.093,1.074,9.51,193.3,3.03,173.78,203.09,3.11,0.3256,0.0749,16.71,AMO,,
Y,Y, 14827 Hypnos (1986 JK),0.9,JPL 87,2460600.5,0.6649,2.841,0.952,1.98,238.19,4.79,57.93,21.63,4.73,0.2058,0.0153,18.75,APO,,
Y,Y,168318 (1989 DA),0.9,JPL 107,2460600.5,0.5417,2.162,0.991,6.49,139.82,3.18,349.07,83,3.33,0.31,0.0463,18.91,APO,,
Y,N,241662 (2000 KO44),0.898,JPL 119,2460600.5,0.3885,1.83,1.119,28.62,235.33,2.48,114.32,251.13,2.54,0.3982,0.225,17.66,AMO,,
Y,Y,162173 Ryugu (1999 JU3),0.896,JPL 256,2460600.5,0.1911,1.191,0.963,5.87,211.61,1.3,251.29,327.33,1.42,0.7583,0.00117,19.55,APO,"Target of Japan's Hayabusa2 mission, known for its diamond like shape and sample return",
Y,N, 52387 Huitzilopochtli (1993 OM7),0.89,JPL 156,2460600.5,0.1896,1.282,1.039,24.15,195.54,1.45,297.57,344.42,1.53,0.6789,0.0619,17.77,AMO,,
Y,Y,418094 (2007 WV4),0.89,JPL 80,2460600.5,0.4407,1.486,0.831,38.34,297.67,1.81,249.86,50.43,2.14,0.5439,0.0162,19.67,APO,,
Y,Y,269690 (1996 RG3),0.888,JPL 56,2460600.5,0.6037,2.001,0.793,3.58,300.27,2.83,158.05,297.31,3.21,0.3482,0.0022,18.47,APO,,
Y,N,142464 (2002 TC9),0.886,JPL 335,2460600.5,0.1548,1.234,1.043,16.28,29.32,1.37,191.82,184.48,1.42,0.7191,0.0611,18.37,AMO,,
Y,N, 96590 (1998 XB),0.882,JPL 563,2460600.5,0.3512,0.9079,0.589,13.6,202.7,0.865,75.68,157.89,1.23,1.139,0.114,16.28,ATE,,
Y,Y,243566 (1995 SA),0.881,JPL 120,2460600.5,0.642,2.463,0.882,19.58,54.3,3.87,169.02,255.75,4.05,0.2549,0.0407,17.37,APO,,
Y,N, 68267 (2001 EA16),0.875,JPL 129,2460600.5,0.4273,1.51,0.865,38.83,317.44,1.85,8,163.23,2.15,0.5314,0.0587,17.04,APO,,
Y,Y,162998 (2001 SK162),0.875,JPL 162,2460600.5,0.4743,1.926,1.013,1.68,186.45,2.67,285.29,181.51,2.84,0.3687,0.0301,18.17,APO,,
Y,N,467372 (2004 LG),0.874,JPL 37,2460600.5,0.8967,2.065,0.213,71.17,164.72,2.97,256.84,284.49,3.92,0.3321,0.518,18.11,APO,,
Y,N,523747 (2014 US192),0.873,JPL 39,2460600.5,0.7584,2.205,0.533,14.65,340.62,3.27,175.01,350.93,3.88,0.301,0.231,18.82,APO,,
Y,N,463664 (2014 JY24),0.868,JPL 80,2460600.5,0.5928,1.632,0.665,19.96,38.16,2.09,67.27,68.39,2.6,0.4726,0.202,18.64,APO,,
Y,N, 23606 (1996 AS1),0.866,JPL 138,2460600.5,0.3611,1.75,1.118,14.36,357.59,2.32,296.61,350.36,2.38,0.4257,0.103,18.39,AMO,,
Y,Y,185851 (2000 DP107),0.863,JPL 344,2460600.5,0.3765,1.365,0.851,8.67,289.77,1.6,358.65,62.22,1.88,0.6179,0.0149,18.32,APO,,
Y,N,535148 (2014 XR6),0.861,JPL 82,2460600.5,0.5321,2.588,1.211,27.14,70.78,4.16,67.96,124.26,3.96,0.2367,0.429,18.38,AMO,,
Y,N,142563 (2002 TR69),0.86,JPL 142,2460600.5,0.3436,1.66,1.09,20.49,192.29,2.14,341.95,324.34,2.23,0.4609,0.105,17.21,AMO,,
Y,Y,366774 (2004 TB18),0.859,JPL 158,2460600.5,0.4507,1.815,0.997,13.2,13.18,2.44,120.98,10.58,2.63,0.4032,0.021,17.87,APO,,
Y,Y,523816 (2009 ST103),0.851,JPL 43,2460600.5,0.7184,2.701,0.76,15.74,234.66,4.44,226.45,126.3,4.64,0.2221,0.0371,18.14,APO,,
Y,N,162058 (1997 AE12),0.847,JPL 130,2460600.5,0.5543,2.367,1.055,4.85,60.9,3.64,304.76,280.47,3.68,0.2706,0.0878,17.99,AMO,,
Y,N,337248 (2000 RH60),0.846,JPL 131,2460600.5,0.5513,0.8259,0.371,19.65,354.41,0.751,177.86,216.27,1.28,1.313,0.176,20.11,ATE,,
Y,N,369454 (2010 NZ1),0.846,JPL 25,2460600.5,0.6466,1.373,0.485,32.75,37.9,1.61,158.97,18.77,2.26,0.6125,0.274,19.09,APO,,
Y,N,452389 (2002 NW16),0.846,JPL 367,2460600.5,0.0301,1.109,1.075,14.16,317.32,1.17,301.51,68.69,1.14,0.8444,0.0682,18.15,AMO,,
Y,N, 48603 (1995 BC2),0.844,JPL 126,2460600.5,0.4299,1.918,1.093,5.03,81.81,2.66,328.22,102.88,2.74,0.3711,0.137,17.82,AMO,,
Y,Y, 53789 (2000 ED104),0.843,JPL 239,2460600.5,0.2692,1.371,1.002,40.78,218.35,1.6,190.02,236.89,1.74,0.6142,0.0482,17.34,APO,,
Y,N,168378 (1997 ET30),0.841,JPL 218,2460600.5,0.4494,2.137,1.177,6.81,263.37,3.12,23.22,226.31,3.1,0.3156,0.206,16.93,AMO,,
Y,N,315508 (2008 AB31),0.836,JPL 35,2460600.5,0.3205,1.602,1.089,30.02,255.68,2.03,302.98,56.14,2.12,0.486,0.295,20.14,AMO,,
Y,N,163694 (2003 DP13),0.832,JPL 118,2460600.5,0.5435,2.641,1.206,9.82,283.08,4.29,326.68,351.11,4.08,0.2296,0.264,17.5,AMO,,
Y,N, 10165 (1995 BL2),0.829,JPL 207,2460600.5,0.5037,1.235,0.613,23.9,348.46,1.37,312.42,91.71,1.86,0.7184,0.376,17.36,APO,,
Y,N,154993 (2005 EA94),0.828,JPL 136,2460600.5,0.6637,1.517,0.51,10.32,309.03,1.87,104.06,204.55,2.52,0.5277,0.0752,17.99,APO,,
Y,N,433992 (2000 HD74),0.827,JPL 91,2460600.5,0.598,2.918,1.173,49.25,223.55,4.99,55.18,310.37,4.66,0.1977,0.277,18.04,AMO,,
Y,N,152941 (2000 FM10),0.82,JPL 155,2460600.5,0.6808,1.481,0.473,8.73,343.99,1.8,18.52,81.82,2.49,0.5467,0.127,17.62,APO,,
Y,N,505667 (2014 UV33),0.82,JPL 139,2460600.5,0.4138,2.016,1.182,8.86,335.29,2.86,115.67,144.43,2.85,0.3442,0.208,17.83,AMO,,
Y,N,438990 (2010 SG13),0.818,JPL 40,2460600.5,0.7485,1.252,0.315,33.8,225.12,1.4,252.94,314.11,2.19,0.7032,0.0655,18.39,APO,,
Y,N,303248 (2004 QV16),0.817,JPL 87,2460600.5,0.5742,1.769,0.753,28.49,49.35,2.35,196.15,225.45,2.79,0.4188,0.111,18.03,APO,,
Y,N,162385 (2000 BM19),0.812,JPL 75,2460600.5,0.3586,0.7407,0.475,6.88,247.71,0.637,70.21,47.29,1.01,1.546,0.0828,18.61,ATE,,
Y,Y,385186 (1994 AW1),0.811,JPL 346,2460600.5,0.0755,1.105,1.022,24.1,37.13,1.16,290.34,315.17,1.19,0.8485,0.0206,17.64,AMO,,
Y,N, 66272 (1999 JW6),0.808,JPL 189,2460600.5,0.1433,1.508,1.292,51.32,68.4,1.85,66.38,343.38,1.72,0.5325,0.41,17.24,AMO,,
Y,N,416071 (2002 NV),0.803,JPL 61,2460600.5,0.6169,2.667,1.022,22.27,271.83,4.36,294.23,65.23,4.31,0.2263,0.309,18.03,AMO,,
Y,Y, 86819 (2000 GK137),0.802,JPL 162,2460600.5,0.5059,1.995,0.986,10.06,150.3,2.82,164.88,212.48,3,0.3497,0.0168,17.47,APO,,
Y,Y, 88254 (2001 FM129),0.8,JPL 195,2460600.5,0.6296,1.182,0.438,1.52,140.23,1.29,272.11,166.57,1.93,0.7666,0.01,17.77,APO,,
Y,N,518507 (2006 EE1),0.794,JPL 67,2460600.5,0.2764,1.203,0.87,36.4,278.02,1.32,154.21,93.57,1.54,0.7473,0.0747,19.94,APO,,
Y,Y,163899 (2003 SD220),0.791,JPL 173,2460600.5,0.21,0.8276,0.654,8.54,326.99,0.753,273.71,128.47,1,1.309,0.0173,17.63,ATE,,
Y,N,162980 (2001 RR17),0.79,JPL 248,2460600.5,0.4886,1.553,0.794,30.4,351.5,1.94,177.6,166.8,2.31,0.5092,0.196,16.77,APO,,
Y,N,418797 (2008 VF),0.789,JPL 100,2460600.5,0.3258,0.9059,0.611,26.2,3.28,0.862,234.4,353.12,1.2,1.143,0.21,19.41,ATE,,
Y,N,152964 (2000 GP82),0.788,JPL 164,2460600.5,0.3934,1.397,0.847,13.23,333.08,1.65,114.86,22.31,1.95,0.5971,0.0902,17.8,APO,,
Y,N,364877 (2008 EM9),0.786,JPL 91,2460600.5,0.8526,1.958,0.289,9.44,181.78,2.74,229.68,41.3,3.63,0.3596,0.134,17.34,APO,,
Y,Y,263976 (2009 KD5),0.785,JPL 172,2460600.5,0.2615,1.046,0.773,13.47,294.37,1.07,104.49,26.87,1.32,0.9211,0.0492,18.4,APO,,
Y,N,  7839 (1994 ND),0.784,JPL 47,2460600.5,0.5187,2.165,1.042,27.12,228.32,3.19,102.51,167.97,3.29,0.3095,0.137,17.83,AMO,,
Y,N,381989 (2010 HR80),0.783,JPL 43,2460600.5,0.4956,1.347,0.68,26.71,291.31,1.56,6.22,40.16,2.02,0.6301,0.104,19.87,APO,,
Y,Y, 65803 Didymos (1996 GT),0.78,JPL 219,2460600.5,0.3833,1.643,1.013,3.41,319.6,2.11,72.99,339.93,2.27,0.4682,0.0398,18.11,APO,"Target of NASA's DART mission, a binary system with a smaller moon",
Y,N,215757 (2004 FU64),0.78,JPL 92,2460600.5,0.3669,1.838,1.164,24.88,286.44,2.49,20.88,24.86,2.51,0.3956,0.342,17.93,AMO,,
Y,Y,304330 (2006 SX217),0.78,JPL 91,2460600.5,0.3103,1.412,0.974,21.04,176.24,1.68,32.6,92.72,1.85,0.5876,0.0293,18.9,APO,,
Y,N,162080 (1998 DG16),0.777,JPL 89,2460600.5,0.3582,0.8967,0.576,16.21,356.88,0.849,344.33,323.78,1.22,1.161,0.189,19.95,ATE,,
Y,N,152952 (2000 GC2),0.776,JPL 131,2460600.5,0.187,1.383,1.125,55.29,280.2,1.63,358.69,304.86,1.64,0.6057,0.28,17.57,AMO,,
Y,N, 85628 (1998 KV2),0.775,JPL 711,2460600.5,0.3314,1.592,1.065,13.03,50.59,2.01,66.73,141.97,2.12,0.4905,0.144,17.29,AMO,,
Y,N,393359 (1998 ME3),0.774,JPL 30,2460600.5,0.4828,2.178,1.127,6,165.39,3.22,129.48,60.04,3.23,0.3066,0.114,19.44,AMO,,
Y,N,406952 (2009 KJ),0.772,JPL 41,2460600.5,0.7175,1.241,0.351,32.96,67.11,1.38,12.49,90.14,2.13,0.713,0.0874,17.13,APO,,
Y,N,488494 (2000 JA3),0.766,JPL 49,2460600.5,0.4569,2.253,1.224,10.19,151.2,3.38,119.61,65.19,3.28,0.2914,0.223,18.75,AMO,,
Y,N,241370 (2008 LW8),0.764,JPL 209,2460600.5,0.3936,1.676,1.016,17.27,118.63,2.17,223.1,174.13,2.34,0.4544,0.142,17.42,APO,,
Y,Y,445305 (2010 DM56),0.762,JPL 52,2460600.5,0.2927,1.306,0.924,25.6,48.17,1.49,349.61,350.69,1.69,0.6601,0.00644,19.71,APO,,
Y,N,262623 (2006 WY2),0.761,JPL 217,2460600.5,0.3329,0.9833,0.656,27.55,159.97,0.975,99.83,243.79,1.31,1.011,0.255,18.64,ATE,,
Y,N, 88710 (2001 SL9),0.76,JPL 222,2460600.5,0.2701,1.061,0.775,21.9,329.36,1.09,202.83,243.3,1.35,0.9012,0.196,17.67,APO,,
Y,N,469494 (2002 XS40),0.758,JPL 50,2460600.5,0.338,1.497,0.991,11.63,83.79,1.83,97.61,270.34,2,0.538,0.156,20.07,APO,,
Y,Y,138127 (2000 EE14),0.754,JPL 161,2460600.5,0.5331,0.6618,0.309,26.46,197.86,0.538,155.75,76.31,1.01,1.831,0.0219,17.11,ATE,,
Y,N,274138 (2008 FU6),0.747,JPL 202,2460600.5,0.569,1.324,0.571,12.83,129.12,1.52,192.82,259.99,2.08,0.647,0.102,17.77,APO,,
Y,N,511808 (2015 FH120),0.746,JPL 73,2460600.5,0.6097,2.038,0.795,11.1,15.44,2.91,71.43,120.78,3.28,0.3388,0.127,18.67,APO,,
Y,N, 86667 (2000 FO10),0.745,JPL 362,2460600.5,0.5946,0.8594,0.348,14.29,172.49,0.797,208.3,94.23,1.37,1.237,0.134,17.54,ATE,,
Y,N,198856 (2005 LR3),0.742,JPL 143,2460600.5,0.3352,1.654,1.1,25,26.4,2.13,73.78,165.25,2.21,0.4633,0.14,17.01,AMO,,
Y,N,514652 (2005 SC71),0.741,JPL 68,2460600.5,0.3825,1.91,1.18,32.38,117.89,2.64,196.51,112.93,2.64,0.3733,0.332,18.31,AMO,,
Y,Y,294739 (2008 CM),0.74,JPL 349,2460600.5,0.408,1.566,0.927,36.01,130.69,1.96,279.54,196.87,2.2,0.503,0.0447,17.04,APO,,
Y,N,477491 (2010 CD19),0.739,JPL 48,2460600.5,0.5788,2.258,0.951,20.75,132.6,3.39,309.41,125.6,3.56,0.2906,0.0734,17.99,APO,,
Y,Y, 11500 Tomaiyowit (1989 UR),0.738,JPL 213,2460600.5,0.3558,1.08,0.696,10.31,289.52,1.12,234.39,323.61,1.46,0.8783,0.0345,18.37,APO,,
Y,Y, 68346 (2001 KZ66),0.736,JPL 238,2460600.5,0.4166,1.507,0.879,16.7,140.29,1.85,219.37,133.79,2.14,0.5326,0.0386,16.93,APO,,
Y,Y,163348 (2002 NN4),0.735,JPL 161,2460600.5,0.4345,0.8758,0.495,5.42,222.21,0.82,259.43,207.78,1.26,1.202,0.00719,20.08,ATE,,
Y,N,450159 (2000 JJ5),0.735,JPL 37,2460600.5,0.7024,1.91,0.569,9.45,50.9,2.64,59.83,119.2,3.25,0.3733,0.0967,19.03,APO,,
Y,N,162181 (1999 LF6),0.729,JPL 290,2460600.5,0.2805,1.41,1.014,18.94,140.89,1.67,208.5,1.66,1.8,0.5889,0.0643,18.22,APO,,
Y,N,464797 (2004 FZ1),0.726,JPL 70,2460600.5,0.5309,1.794,0.841,52.62,89.5,2.4,152.59,171.68,2.75,0.4103,0.228,18.3,APO,,
Y,N,173689 (2001 PK9),0.724,JPL 97,2460600.5,0.395,1.779,1.077,10.43,314.08,2.37,272.88,337.06,2.48,0.4152,0.116,18.26,AMO,,
Y,Y,395207 (2010 HQ80),0.724,JPL 85,2460600.5,0.4893,1.568,0.801,27.85,66.3,1.96,218.47,79.78,2.34,0.5019,0.00659,19.62,APO,,
Y,N,163454 (2002 RN129),0.712,JPL 70,2460600.5,0.3698,1.162,0.732,23.12,198.67,1.25,332.1,57.32,1.59,0.7868,0.235,19.11,APO,,
Y,N,271480 (2004 FX31),0.709,JPL 263,2460600.5,0.442,1.261,0.703,24.75,285.8,1.42,169.13,230.7,1.82,0.6964,0.0651,17.67,APO,,
Y,Y, 35396 (1997 XF11),0.704,JPL 393,2460600.5,0.4837,1.442,0.745,4.1,103.04,1.73,213.65,272.13,2.14,0.5691,0.000394,17.01,APO,,
Y,N,520808 (2014 TF64),0.704,JPL 52,2460600.5,0.4179,1.613,0.939,52.68,114.25,2.05,217.97,348.53,2.29,0.481,0.132,20.01,APO,,
Y,N,237805 (2002 CF26),0.703,JPL 283,2460600.5,0.3412,1.604,1.057,35.3,33.62,2.03,342.08,172.19,2.15,0.4851,0.0929,17.4,AMO,,
Y,Y,533722 (2014 NE52),0.701,JPL 55,2460600.5,0.6585,2.385,0.815,3.86,337.61,3.68,54.52,256.99,3.96,0.2675,0.0357,18.21,APO,,
Y,Y,  3362 Khufu (1984 QA),0.7,JPL 24,2460600.5,0.4685,0.9895,0.526,9.92,55.09,0.984,152.4,359.85,1.45,1.001,0.0133,18.52,ATE,,
Y,N,  3988 Huma (1986 LA),0.7,JPL 151,2460600.5,0.3166,1.545,1.056,10.77,86.91,1.92,229.79,316.36,2.03,0.5135,0.178,17.94,AMO,,
Y,Y,  8014 (1990 MF),0.7,JPL 178,2460600.5,0.456,1.747,0.951,1.87,114.73,2.31,209.84,291.48,2.54,0.4268,0.0169,18.88,APO,,
Y,Y,442037 (2010 PR66),0.695,JPL 103,2460600.5,0.6872,2.927,0.916,17.6,319.52,5.01,292.75,310.29,4.94,0.1968,0.000703,19.27,APO,,
Y,N,477588 (2010 JD87),0.692,JPL 31,2460600.5,0.6395,1.428,0.515,24.62,148.6,1.71,338.34,206.07,2.34,0.5778,0.284,19.39,APO,,
Y,N,534676 (2014 VK2),0.691,JPL 44,2460600.5,0.6036,1.838,0.728,16.39,232.01,2.49,63.31,23.47,2.95,0.3957,0.0937,18.65,APO,,
Y,N,676362 (2016 FG15),0.686,JPL 41,2460600.5,0.6953,2.496,0.761,16.64,183.74,3.94,72.47,44.43,4.23,0.2499,0.225,19.96,APO,,
Y,N,455426 (2003 MT9),0.685,JPL 41,2460600.5,0.9224,2.533,0.197,6.84,200.7,4.03,233.38,86.8,4.87,0.2445,0.0539,18.76,APO,,
Y,N,155110 (2005 TB),0.683,JPL 167,2460600.5,0.3486,1.261,0.822,30.38,44.79,1.42,226.17,200.28,1.7,0.6957,0.11,17.49,APO,,
Y,N,277039 (2005 CF41),0.676,JPL 51,2460600.5,0.5859,1.649,0.683,15.87,208.77,2.12,132.18,238.17,2.61,0.4656,0.206,18.55,APO,,
Y,Y,365071 (2009 AV),0.674,JPL 153,2460600.5,0.0739,1.03,0.954,45.87,322.13,1.04,150.73,79.79,1.11,0.9433,0.0195,18.18,APO,,
Y,N,343166 (2009 SO103),0.67,JPL 89,2460600.5,0.6635,2.004,0.674,29.48,304.63,2.84,194.65,57,3.33,0.3474,0.145,17.42,APO,,
Y,N,399325 (1999 GY5),0.669,JPL 50,2460600.5,0.6148,1.146,0.442,24.43,232.23,1.23,203.38,336.48,1.85,0.8029,0.0646,20.17,APO,,
Y,N,277617 (2006 BT7),0.666,JPL 69,2460600.5,0.6333,1.522,0.558,16.17,342.56,1.88,298.55,229.01,2.49,0.525,0.253,18.18,APO,,
Y,Y,506074 Svarog (2015 UM67),0.665,JPL 93,2460600.5,0.6874,1.558,0.487,6.01,132.27,1.94,150.02,247.7,2.63,0.5069,0.0482,18.93,APO,,
Y,Y,386847 (2010 LR33),0.663,JPL 109,2460600.5,0.4625,1.692,0.909,5.83,333.22,2.2,352.07,169.15,2.47,0.448,0.029,18.06,APO,,
Y,N,438107 (2005 GY110),0.663,JPL 38,2460600.5,0.6864,1.849,0.58,12.65,169.14,2.51,294.6,291.55,3.12,0.3921,0.214,18.36,APO,,
Y,N,413820 (2006 QR89),0.659,JPL 52,2460600.5,0.3672,1.889,1.195,9.24,263.77,2.6,166.35,300.51,2.58,0.3797,0.271,19.65,AMO,,
Y,N,411201 (2010 LJ14),0.658,JPL 313,2460600.5,0.3417,1.626,1.071,12.03,295.37,2.07,177.37,79.58,2.18,0.4753,0.174,17.81,AMO,,
Y,N,523595 (2002 OS4),0.658,JPL 156,2460600.5,0.4539,1.923,1.05,26.81,102.22,2.67,289.42,84.06,2.8,0.3695,0.298,18.37,AMO,,
Y,N,219071 (1997 US9),0.657,JPL 287,2460600.5,0.2821,1.053,0.756,20.02,357.4,1.08,212.19,177.29,1.35,0.9124,0.247,17.14,APO,,
Y,N,496174 (2011 CQ4),0.657,JPL 61,2460600.5,0.5833,2.001,0.834,23.74,86.48,2.83,85.97,266.4,3.17,0.3481,0.166,18.47,APO,,
Y,Y,250620 (2005 GE59),0.654,JPL 141,2460600.5,0.6025,2.109,0.838,16.08,243.02,3.06,194.74,196.79,3.38,0.3218,0.0319,18.07,APO,,
Y,N,285331 (1999 FN53),0.654,JPL 132,2460600.5,0.4563,1.735,0.943,20.17,191.73,2.29,50.57,40.74,2.53,0.4312,0.057,18.2,APO,,
Y,Y,310560 (2001 QL142),0.654,JPL 81,2460600.5,0.4991,1.049,0.526,26.6,72.15,1.08,165.55,267.48,1.57,0.9168,0.0482,17.8,APO,,
Y,Y,538212 (2016 CA136),0.654,JPL 50,2460600.5,0.7812,2.032,0.444,1.26,125.01,2.9,239.74,18.73,3.62,0.3404,0.00705,19.35,APO,,
Y,N,345722 (2007 BG29),0.653,JPL 88,2460600.5,0.3347,0.8327,0.554,18.51,245.15,0.76,60.95,341.97,1.11,1.297,0.0872,18.27,ATE,,
Y,N,477490 (2010 CG18),0.652,JPL 51,2460600.5,0.226,1.439,1.114,10.16,351.62,1.73,78.78,210.24,1.76,0.5712,0.13,20.59,AMO,,
Y,N, 38086 Beowulf (1999 JB),0.643,JPL 210,2460600.5,0.5661,1.42,0.616,23.67,178.97,1.69,165.32,316.82,2.22,0.5823,0.385,17.35,APO,,
Y,N,394392 (2007 EP88),0.636,JPL 61,2460600.5,0.8859,0.8373,0.096,20.74,47.12,0.766,328.49,101.84,1.58,1.287,0.142,18.37,ATE,,
Y,N,395143 (2010 CN1),0.636,JPL 65,2460600.5,0.4391,1.499,0.841,20.97,192.49,1.83,216.42,35.63,2.16,0.5371,0.145,18.95,APO,,
Y,N,363626 (2004 RA11),0.633,JPL 58,2460600.5,0.3995,1.824,1.095,39.36,276.43,2.46,169.71,8.21,2.55,0.4001,0.396,18.91,AMO,,
Y,N,172034 (2001 WR1),0.631,JPL 180,2460600.5,0.2026,1.277,1.019,25.03,48.56,1.44,6.51,302.78,1.54,0.6828,0.0754,17.84,AMO,,
Y,N,237551 (2000 WQ19),0.63,JPL 100,2460600.5,0.347,1.406,0.918,34.27,270.73,1.67,38.78,173.19,1.89,0.5911,0.196,18.42,APO,,
Y,N,250458 (2004 BO41),0.63,JPL 130,2460600.5,0.4929,1.019,0.516,35.55,254.45,1.03,337.74,12.44,1.52,0.9589,0.089,18,APO,,
Y,N,185716 (1998 SF35),0.629,JPL 119,2460600.5,0.2739,1.685,1.224,35.19,253.76,2.19,218.57,255.14,2.15,0.4505,0.414,17.95,AMO,,
Y,N,254419 (2004 VT60),0.629,JPL 96,2460600.5,0.4341,2.075,1.174,43.51,247.34,2.99,57.53,284.05,2.98,0.3296,0.378,17.73,AMO,,
Y,N,275974 (2001 XD),0.626,JPL 87,2460600.5,0.7958,2.045,0.418,11.3,232.73,2.93,63.96,318.64,3.67,0.337,0.064,18.68,APO,,
Y,N,299582 (2006 GQ2),0.622,JPL 57,2460600.5,0.4659,1.29,0.689,25.83,64.55,1.47,13.88,284.29,1.89,0.6724,0.125,18.18,APO,,
Y,Y,436329 (2010 GX62),0.622,JPL 64,2460600.5,0.699,2.971,0.894,21.83,317,5.12,206.93,316.16,5.05,0.1925,0.00282,20.09,APO,,
Y,Y,422699 (2000 PD3),0.619,JPL 108,2460600.5,0.592,1.999,0.815,7.7,110.23,2.83,298.64,171.27,3.18,0.3488,0.0274,18.28,APO,,
Y,N,504827 (2010 KZ117),0.615,JPL 31,2460600.5,0.512,2.27,1.108,33.16,321.33,3.42,314.18,64.59,3.43,0.2882,0.168,19.09,AMO,,
Y,N,285339 (1999 JR6),0.614,JPL 67,2460600.5,0.6755,1.367,0.443,20.32,27.29,1.6,52.61,54.33,2.29,0.617,0.221,18.07,APO,,
Y,N,220124 (2002 TE66),0.609,JPL 107,2460600.5,0.3778,1.457,0.906,51.34,290.55,1.76,191,133.57,2.01,0.5604,0.0978,18.76,APO,,
Y,N,242187 (2003 KR18),0.605,JPL 173,2460600.5,0.48,2.346,1.22,5.58,86.8,3.59,244.04,323.9,3.47,0.2743,0.235,17.99,AMO,,
Y,N,381181 (2007 LV19),0.602,JPL 53,2460600.5,0.3204,1.472,1,14.89,301.42,1.79,264.02,281.94,1.94,0.5521,0.0893,19.69,APO,,
Y,N,523637 (2010 LT108),0.602,JPL 32,2460600.5,0.3708,1.349,0.849,31.87,9.5,1.57,161.12,105.28,1.85,0.6288,0.136,19.52,APO,,
Y,Y,  2101 Adonis (1936 CA),0.6,JPL 47,2460600.5,0.7642,1.874,0.442,1.32,43.69,2.57,349.43,230.82,3.31,0.3842,0.0116,18.72,APO,,
Y,N,  4688 (1980 WF),0.6,JPL 71,2460600.5,0.5179,2.232,1.076,6.38,213.8,3.34,241.23,45.35,3.39,0.2955,0.109,19.6,AMO,,
Y,N, 14402 (1991 DB),0.6,JPL 105,2460600.5,0.4016,1.715,1.026,11.41,51.55,2.25,158.14,325.5,2.4,0.4389,0.105,18.77,AMO,,
Y,N,455185 (2000 EB107),0.599,JPL 39,2460600.5,0.5837,3.063,1.275,24.29,45.26,5.36,176.08,219.53,4.85,0.1839,0.362,17.31,AMO,,
Y,Y,312070 (2007 TA19),0.595,JPL 57,2460600.5,0.5096,0.9539,0.468,22.63,58.06,0.932,181.18,176.51,1.44,1.058,0.0196,19.41,ATE,,
Y,N, 85953 (1999 FK21),0.59,JPL 274,2460600.5,0.703,0.7388,0.219,12.6,172.42,0.635,180.45,358.2,1.26,1.552,0.0712,18.15,ATE,,
Y,N,439889 (2000 PG5),0.59,JPL 32,2460600.5,0.4577,2.087,1.132,6.12,358.73,3.02,309.74,11.32,3.04,0.3269,0.117,20.38,AMO,,
Y,N,498066 (2007 RM133),0.589,JPL 89,2460600.5,0.4398,2.212,1.239,10.75,181.12,3.29,106.06,107.58,3.19,0.2995,0.224,18.55,AMO,,
Y,N,246138 (2007 OG3),0.588,JPL 59,2460600.5,0.4816,2.164,1.122,1.69,272.04,3.18,78.32,145.17,3.21,0.3096,0.12,18.24,AMO,,
Y,N,311321 (2005 NP1),0.583,JPL 59,2460600.5,0.2964,1.827,1.285,34.71,307.63,2.47,274.95,316.74,2.37,0.3992,0.371,18.61,AMO,,
Y,N,349219 (2007 SV11),0.583,JPL 48,2460600.5,0.4939,1.734,0.878,32.22,23.75,2.28,292.21,176.56,2.59,0.4317,0.109,18.13,APO,,
Y,N,462775 (2010 GY6),0.579,JPL 87,2460600.5,0.2343,1.286,0.985,21.91,116.03,1.46,204.67,227.63,1.59,0.6755,0.0928,19.4,APO,,
Y,Y,363027 (1998 ST27),0.578,JPL 134,2460600.5,0.5298,0.8198,0.385,21.06,322.43,0.742,197.52,277.29,1.25,1.328,0.00992,19.64,ATE,,
Y,N,159454 (2000 DJ8),0.577,JPL 164,2460600.5,0.2528,1.411,1.054,37.75,262.97,1.68,139.53,348.15,1.77,0.588,0.247,18.15,AMO,,
Y,Y, 90403 (2003 YE45),0.572,JPL 272,2460600.5,0.2802,1.234,0.889,19.01,306.85,1.37,286.23,341.08,1.58,0.7186,0.0358,17.78,APO,,
Y,N,334673 (2003 AL18),0.57,JPL 135,2460600.5,0.4165,1.685,0.983,15.72,246.72,2.19,312.88,307.33,2.39,0.4508,0.135,17.97,APO,,
Y,N, 87309 (2000 QP),0.568,JPL 181,2460600.5,0.4631,0.8475,0.455,34.74,188.17,0.78,294.27,229.25,1.24,1.263,0.203,17.61,ATE,,
Y,Y,140158 (2001 SX169),0.566,JPL 187,2460600.5,0.4608,1.347,0.726,2.52,42.73,1.56,126.78,94.39,1.97,0.6302,0.026,18.48,APO,,
Y,N,137099 (1998 YW3),0.564,JPL 134,2460600.5,0.4627,1.1,0.591,28.79,194.84,1.15,94.27,289.11,1.61,0.8542,0.388,18.29,APO,,
Y,N,523631 (2009 SX1),0.564,JPL 113,2460600.5,0.4471,1.722,0.952,8.29,115.39,2.26,335.01,208.41,2.49,0.4361,0.0736,18.94,APO,,
Y,Y, 13651 (1997 BR),0.562,JPL 171,2460600.5,0.3057,1.335,0.927,17.25,133.86,1.54,116.63,262.62,1.74,0.6386,0.0139,17.89,APO,,
Y,Y,267221 (2001 AD2),0.562,JPL 104,2460600.5,0.6598,1.04,0.354,1.64,111.95,1.06,210.54,235.31,1.73,0.9292,0.00821,19.85,APO,,
Y,Y,363024 (1998 OK1),0.558,JPL 80,2460600.5,0.4293,1.356,0.774,13.99,298.64,1.58,109.64,160.98,1.94,0.6241,0.0394,19.42,APO,,
Y,N,505093 (2011 VQ5),0.556,JPL 111,2460600.5,0.4367,2.062,1.161,7.19,89.57,2.96,30.28,95.36,2.96,0.333,0.223,20.2,AMO,,
Y,Y,409836 (2006 QY110),0.554,JPL 71,2460600.5,0.5741,1.924,0.819,6.4,221.63,2.67,222.61,261.88,3.03,0.3693,0.0318,18.07,APO,,
Y,N,200754 (2001 WA25),0.553,JPL 129,2460600.5,0.5169,1.756,0.849,15.51,83.79,2.33,279.74,321.14,2.66,0.4234,0.0976,18.51,APO,,
Y,N,393569 (2003 JC13),0.551,JPL 88,2460600.5,0.3152,1.066,0.73,8.51,172.05,1.1,205.8,50.73,1.4,0.8952,0.143,20.3,APO,,
Y,Y,  5604 (1992 FE),0.55,JPL 196,2460600.5,0.4061,0.9286,0.552,4.71,82.68,0.895,311.89,269.92,1.31,1.101,0.0333,17.38,ATE,,
Y,Y,231937 (2001 FO32),0.55,JPL 73,2460600.5,0.8258,1.699,0.296,39.01,123.36,2.21,181.71,202.09,3.1,0.4451,0.00208,17.58,APO,,
Y,N,523636 (2010 EX119),0.55,JPL 34,2460600.5,0.5946,1.905,0.772,15.55,22.34,2.63,211.82,174.41,3.04,0.3749,0.157,19.42,APO,,
Y,Y,454100 (2013 BO73),0.548,JPL 72,2460600.5,0.4182,1.331,0.775,4.54,298.15,1.54,24.78,356.14,1.89,0.6415,0.0178,20.18,APO,,
Y,Y,162116 (1998 SA15),0.538,JPL 32,2460600.5,0.5585,1.916,0.846,7.11,331.44,2.65,114.17,267.66,2.99,0.3717,0.0465,19.54,APO,,
Y,Y,455299 (2002 EL6),0.537,JPL 119,2460600.5,0.5779,2.304,0.972,9.53,186.71,3.5,84.87,145.71,3.64,0.2818,0.0368,18.05,APO,,
Y,Y,480936 (2003 QH5),0.537,JPL 71,2460600.5,0.2202,1.26,0.982,17.62,321.16,1.41,299.21,27.81,1.54,0.6972,0.00732,20.26,APO,,
Y,Y,250706 (2005 RR6),0.535,JPL 109,2460600.5,0.7011,2.957,0.884,6.93,59.96,5.09,27.27,258.29,5.03,0.1938,0.034,18.55,APO,,
Y,N, 10636 (1998 QK56),0.533,JPL 141,2460600.5,0.5129,1.884,0.918,13.58,286.31,2.59,172.93,359.24,2.85,0.381,0.112,17.7,APO,,
Y,N,252558 (2001 WT1),0.533,JPL 73,2460600.5,0.3973,1.089,0.657,7.16,180.71,1.14,73.77,202.7,1.52,0.8667,0.122,20.31,APO,,
Y,Y,152978 (2000 GJ147),0.531,JPL 168,2460600.5,0.2367,1.162,0.887,25.01,240.8,1.25,57.85,134.02,1.44,0.7866,0.0239,19.57,APO,,
Y,Y,  6489 Golevka (1991 JX),0.53,JPL 107,2460600.5,0.6151,2.484,0.956,2.27,68.66,3.91,209.42,151.88,4.01,0.2518,0.024,19.22,APO,,
Y,N,439898 (2000 TG2),0.53,JPL 70,2460600.5,0.2454,1.522,1.148,12,200.42,1.88,206.82,263.66,1.9,0.5251,0.163,19.99,AMO,,
Y,Y,434096 (2002 GO5),0.528,JPL 66,2460600.5,0.7679,1.896,0.44,13.77,65.35,2.61,22.6,244.76,3.35,0.3776,0.0319,18.15,APO,,
Y,N, 22099 (2000 EX106),0.524,JPL 297,2460600.5,0.2762,1.104,0.799,9.85,186.56,1.16,136.43,320.17,1.41,0.8491,0.167,18.09,APO,,
Y,N,276703 (2004 BL11),0.521,JPL 77,2460600.5,0.7498,1.26,0.315,9.81,176.95,1.41,142.42,334.14,2.21,0.6967,0.131,19.3,APO,,
Y,N,337119 (1999 TK12),0.521,JPL 88,2460600.5,0.3928,1.683,1.022,24.49,112.21,2.18,359.05,112.03,2.34,0.4514,0.197,18.61,AMO,,
Y,Y,381906 (2010 CL19),0.52,JPL 160,2460600.5,0.6455,1.543,0.547,7.31,76.82,1.92,243.78,271.11,2.54,0.5144,0.0114,17.8,APO,,
Y,N,326683 (2002 WP),0.518,JPL 222,2460600.5,0.2158,1.45,1.137,19.15,1.24,1.75,76.29,178.64,1.76,0.5645,0.153,18.45,AMO,,
Y,Y,153201 (2000 WO107),0.51,JPL 183,2460600.5,0.7808,0.9111,0.2,7.77,213.75,0.87,69.2,219.51,1.62,1.133,0.00292,19.3,ATE,,
Y,N,  1915 Quetzalcoatl (1953 EA),0.5,JPL 13,2460600.5,0.5703,2.544,1.093,20.4,347.77,4.06,162.93,284.48,4,0.2429,0.111,18.38,AMO,,
Y,Y,  3757 Anagolay (1982 XB),0.5,JPL 57,2460600.5,0.4459,1.834,1.017,3.87,17.24,2.48,74.93,293.7,2.65,0.3967,0.0372,19.04,APO,,
Y,N,  7025 (1993 QA),0.498,JPL 151,2460600.5,0.315,1.476,1.011,12.61,323.45,1.79,146.59,14.75,1.94,0.5498,0.064,18.08,APO,,
Y,N,367684 (2010 OS22),0.498,JPL 94,2460600.5,0.6887,1.637,0.51,9.36,179.65,2.09,256.9,258.66,2.76,0.4706,0.159,18.06,APO,,
Y,Y,349068 (2006 YT13),0.496,JPL 98,2460600.5,0.4258,1.323,0.76,38.24,105.45,1.52,116.69,205.04,1.89,0.6478,0.0368,18.34,APO,,
Y,Y,244977 (2004 BE68),0.495,JPL 86,2460600.5,0.4446,1.761,0.978,15.74,191.28,2.34,210.88,343.49,2.54,0.4219,0.0107,18.48,APO,,
Y,Y,453707 (2010 XY72),0.495,JPL 85,2460600.5,0.2287,1.133,0.874,31.48,307.01,1.21,34.42,210.45,1.39,0.8171,0.0473,18.73,APO,,
Y,N,468117 (2014 ED),0.493,JPL 36,2460600.5,0.6382,1.547,0.559,21.77,355.08,1.92,74.95,221.61,2.53,0.5125,0.365,19.18,APO,,
Y,N,614643 (2010 GH65),0.493,JPL 26,2460600.5,0.6104,2.711,1.056,21.01,228.18,4.46,42.72,85.01,4.37,0.2208,0.152,18.87,AMO,,
Y,N,675481 (2015 XL128),0.492,JPL 48,2460600.5,0.7019,2.575,0.768,17.93,161.29,4.13,42.18,28.02,4.38,0.2385,0.189,17.82,APO,,
Y,Y,215588 (2003 HF2),0.488,JPL 119,2460600.5,0.6755,1.114,0.361,3.06,231.04,1.18,189.88,195.33,1.87,0.8383,0.00324,19.42,APO,,
Y,Y,101955 Bennu (1999 RQ36),0.482,JPL 118,2455562.5,0.2037,1.126,0.897,6.03,66.22,1.2,2.06,101.7,1.36,0.8245,0.00322,20.21,APO,Target of NASA's OSIRIS-REx mission; distant future impact risk,
Y,Y,226554 (2003 WR21),0.482,JPL 121,2460600.5,0.2615,1.118,0.826,9.27,108.11,1.18,85.76,123.09,1.41,0.8334,0.0295,19.62,APO,,
Y,N,361538 (2007 JZ20),0.479,JPL 110,2460600.5,0.3351,1.311,0.872,40.48,139.03,1.5,200.48,155.44,1.75,0.6566,0.066,18.64,APO,,
Y,N,306462 (1999 RC32),0.476,JPL 102,2460600.5,0.4319,1.838,1.044,30.96,82.86,2.49,352.29,352.11,2.63,0.3954,0.317,18.63,AMO,,
Y,N,401925 (2002 AT15),0.475,JPL 52,2460600.5,0.4752,1.894,0.994,36.38,266.52,2.61,108.4,295.1,2.79,0.3781,0.312,18.48,APO,,
Y,N,381677 (2009 BJ81),0.472,JPL 284,2460600.5,0.4558,1.851,1.007,5.84,90.68,2.52,108.47,71.34,2.69,0.3914,0.0988,18.36,APO,,
Y,N,410777 (2009 FD),0.472,JPL 107,2460600.5,0.4929,1.164,0.59,3.13,281.56,1.26,9.26,96.47,1.74,0.7848,0.00187,22.18,APO,,
Y,N,260277 (2004 TR12),0.47,JPL 67,2460600.5,0.2097,0.8952,0.707,19.36,77.78,0.847,155.35,352.01,1.08,1.164,0.0958,18.27,ATE,,
Y,N,467352 (2003 KZ18),0.47,JPL 40,2460600.5,0.3308,0.949,0.635,23.89,154.63,0.925,249.95,272.76,1.26,1.066,0.16,21.32,ATE,,
Y,N,154807 (2004 PP97),0.469,JPL 166,2460600.5,0.3166,1.484,1.014,15.53,68.69,1.81,15.09,324.28,1.95,0.5454,0.146,18.64,APO,,
Y,N,332775 (2009 VO24),0.467,JPL 53,2460600.5,0.4619,1.547,0.832,6.06,343.58,1.92,163.67,220.38,2.26,0.5122,0.0732,19.7,APO,,
Y,N,516803 (2010 JG88),0.463,JPL 52,2460600.5,0.3844,1.374,0.846,30.61,106.06,1.61,213.35,299.78,1.9,0.6121,0.0529,19.51,APO,,
Y,N,162142 (1998 VR),0.462,JPL 96,2460600.5,0.3179,0.8753,0.597,21.81,170.75,0.819,46.36,75.02,1.15,1.204,0.151,18.83,ATE,,
Y,Y,398188 Agni (2010 LE15),0.462,JPL 138,2460600.5,0.2733,0.8646,0.628,13.25,328.62,0.804,134.18,122.49,1.1,1.226,0.0231,19.33,ATE,,
Y,N, 55408 (2001 TC2),0.461,JPL 97,2460600.5,0.2245,1.1,0.853,30.39,353.55,1.15,193.83,206.45,1.35,0.8545,0.144,18.82,APO,,
Y,Y,499582 (2010 TH19),0.461,JPL 52,2460600.5,0.3101,1.464,1.01,6.83,201.5,1.77,254.2,277.3,1.92,0.5562,0.0368,20.53,APO,,
Y,Y,163132 (2002 CU11),0.46,JPL 125,2460600.5,0.2952,1.22,0.86,48.78,110.53,1.35,157.74,229.17,1.58,0.7317,0.000225,18.61,APO,,
Y,Y,419472 (2010 DW1),0.459,JPL 64,2460600.5,0.2002,1.225,0.98,23.77,9.65,1.36,157.11,286.45,1.47,0.7269,0.00625,19.99,APO,,
Y,N,161999 (1989 RC),0.458,JPL 32,2460600.5,0.5121,2.316,1.13,7.37,181.39,3.52,140.14,357.43,3.5,0.2796,0.117,18.78,AMO,,
Y,N,436325 (2010 GR7),0.452,JPL 54,2460600.5,0.8456,1.831,0.283,24.13,192.01,2.48,157.56,276.15,3.38,0.3977,0.283,18.35,APO,,
Y,Y,484402 (2007 XH16),0.452,JPL 81,2460600.5,0.2348,1.187,0.908,27.43,58.32,1.29,91.27,323,1.47,0.7621,0.0145,19.68,APO,,
Y,Y, 85990 (1999 JV6),0.451,JPL 256,2460600.5,0.3111,1.008,0.695,5.36,235.57,1.01,124.3,312.19,1.32,0.9733,0.0316,20.27,APO,,
Y,N,218017 (2001 XV266),0.451,JPL 74,2460600.5,0.1927,1.196,0.966,12,265.07,1.31,214.08,100.23,1.43,0.7531,0.106,19.82,APO,,
Y,Y,389694 (2011 QD48),0.451,JPL 138,2460600.5,0.4921,1.545,0.785,19.07,106.79,1.92,358.79,216.68,2.31,0.5131,0.02,18.2,APO,,
Y,N,510073 (2010 JF88),0.451,JPL 58,2460600.5,0.6581,2.233,0.763,17.31,212.14,3.34,115.62,89.36,3.7,0.2954,0.147,18.56,APO,,
Y,N,239849 (1999 VO11),0.45,JPL 26,2460600.5,0.6336,2.256,0.827,15.75,72.35,3.39,67.45,109.16,3.69,0.2908,0.0714,18.65,APO,,
Y,N,429382 (2010 NW117),0.448,JPL 86,2460600.5,0.5328,2.354,1.1,3.41,148.6,3.61,252.66,304.78,3.61,0.2729,0.113,18.35,AMO,,
Y,N,138947 (2001 BA40),0.447,JPL 155,2460600.5,0.2538,1.119,0.835,12.85,0.08,1.18,270.86,257.77,1.4,0.8329,0.18,18.82,APO,,
Y,N,442605 (2012 HY33),0.44,JPL 40,2460600.5,0.5435,1.998,0.912,14.7,270.82,2.82,63.58,98.83,3.08,0.3491,0.165,19.29,APO,,
Y,Y,267337 (2001 VK5),0.439,JPL 210,2460600.5,0.514,1.269,0.617,19.43,263.93,1.43,54.22,64.72,1.92,0.6893,0.00065,18.06,APO,,
Y,Y,277570 (2005 YP180),0.439,JPL 67,2460600.5,0.617,1.372,0.526,4.11,92.47,1.61,288.91,276.63,2.22,0.613,0.0162,19.34,APO,,
Y,Y,444193 (2005 SE71),0.437,JPL 99,2460600.5,0.1944,1.069,0.862,24.83,78.29,1.11,39.1,22.73,1.28,0.8911,0.00214,18.19,APO,,
Y,N,476438 (2008 EB9),0.433,JPL 58,2460600.5,0.2174,1.563,1.223,21.35,251.4,1.95,341.69,128.03,1.9,0.5045,0.346,20.35,AMO,,
Y,Y, 33342 (1998 WT24),0.432,JPL 212,2460600.5,0.4177,0.7187,0.419,7.37,167.52,0.609,81.66,27.5,1.02,1.618,0.0109,18.02,ATE,,
Y,Y,221980 (1996 EO),0.432,JPL 45,2460600.5,0.4008,1.342,0.804,21.59,64.69,1.55,356.46,213.52,1.88,0.6342,0.0336,19.11,APO,,
Y,Y,357022 (1999 YG3),0.432,JPL 82,2460600.5,0.3295,1.285,0.861,34.52,250.24,1.46,293.25,318.54,1.71,0.6769,0.0427,19.07,APO,,
Y,Y,187040 (2005 JS108),0.43,JPL 156,2460600.5,0.3222,1.355,0.919,6.04,244,1.58,110.84,28.42,1.79,0.6246,0.0196,19.23,APO,,
Y,Y,207945 (1991 JW),0.423,JPL 75,2460600.5,0.1186,1.039,0.916,8.71,301.95,1.06,53.85,92.1,1.16,0.9305,0.0201,19.6,APO,,
Y,Y,  4034 Vishnu (1986 PA),0.42,JPL 138,2460600.5,0.4441,1.06,0.589,11.17,296.7,1.09,157.89,260.4,1.53,0.9037,0.0195,18.52,APO,,
Y,Y,417634 (2006 XG1),0.418,JPL 36,2460600.5,0.5958,2.458,0.994,20.5,344.14,3.85,38.46,232.29,3.92,0.2557,0.0148,18.57,APO,,
Y,Y,152754 (1999 GS6),0.414,JPL 87,2460600.5,0.4974,1.191,0.599,2.02,134.97,1.3,314.42,283.4,1.78,0.7582,0.0189,19.31,APO,,
Y,N,374449 (2005 XD1),0.414,JPL 76,2460600.5,0.3065,1.62,1.124,18.28,198.74,2.06,287.34,34.04,2.12,0.4778,0.152,19.4,AMO,,
Y,N,152742 (1998 XE12),0.413,JPL 130,2460600.5,0.7392,0.8781,0.229,13.43,353.16,0.823,280.02,257.41,1.53,1.198,0.112,19.1,ATE,,
Y,N,345646 (2006 TN),0.413,JPL 76,2460600.5,0.345,1.562,1.023,17.28,131.71,1.95,24.3,334.33,2.1,0.5051,0.0997,19.74,AMO,,
Y,N,482054 (2010 AE),0.413,JPL 73,2460600.5,0.3769,1.489,0.928,15.98,270.87,1.82,294.47,0.41,2.05,0.5426,0.147,19.47,APO,,
Y,N,530938 (2011 XE),0.413,JPL 59,2460600.5,0.4634,0.7839,0.421,20.72,46.62,0.694,221.25,331.73,1.15,1.42,0.0533,19.3,ATE,,
Y,Y,391211 (2006 HZ51),0.412,JPL 62,2460600.5,0.4502,1.897,1.043,12.41,193.34,2.61,84.26,347.22,2.75,0.3772,0.0355,18.48,AMO,,
Y,N, 66400 (1999 LT7),0.411,JPL 116,2460600.5,0.5726,0.8554,0.366,9.06,341.41,0.791,79.8,247.27,1.35,1.246,0.0593,19.29,ATE,,
Y,N,211871 (2004 HO),0.411,JPL 83,2460600.5,0.5109,1.847,0.903,7.87,163.78,2.51,146.11,14.91,2.79,0.3927,0.0604,18.86,APO,,
Y,Y,297418 (2000 SP43),0.407,JPL 207,2460600.5,0.4669,0.8115,0.433,10.34,224.46,0.731,350.53,70.52,1.19,1.348,0.019,18.52,ATE,,
Y,N,345705 (2006 VB14),0.406,JPL 217,2460600.5,0.4212,0.767,0.444,31.03,346.46,0.672,258.71,75.49,1.09,1.467,0.0791,18.59,ATE,,
Y,N,  5797 Bivoj (1980 AA),0.4,JPL 101,2460600.5,0.4443,1.894,1.052,4.19,168.64,2.61,298.92,69.36,2.74,0.3782,0.0712,18.88,AMO,,
Y,N,136564 (1977 VA),0.4,JPL 71,2460600.5,0.3944,1.865,1.13,2.99,172.67,2.55,224.45,156.18,2.6,0.3868,0.137,19.28,AMO,,
Y,Y,162000 (1990 OS),0.4,JPL 99,2460600.5,0.4624,1.678,0.902,1.09,21.59,2.17,346.51,239.67,2.45,0.4532,0.00896,19.64,APO,,
Y,Y,301844 (1990 UA),0.4,JPL 41,2460600.5,0.526,1.642,0.778,0.93,202.58,2.1,104.28,87.51,2.51,0.4682,0.012,19.71,APO,,
Y,Y,308635 (2005 YU55),0.4,JPL 135,2460600.5,0.4305,1.157,0.659,0.34,273.56,1.24,35.93,189.35,1.65,0.7921,0.000429,21.91,APO,,
Y,Y,341843 (2008 EV5),0.4,JPL 156,2460600.5,0.0827,0.9602,0.881,7.45,235.84,0.941,93.23,63.75,1.04,1.048,0.0147,20.05,ATE,,
Y,Y,360191 (1988 TA),0.4,JPL 53,2460600.5,0.4786,1.54,0.803,2.53,105.26,1.91,194.65,329.39,2.28,0.5156,0.0058,21.08,APO,,
Y,Y,496817 (1989 VB),0.4,JPL 73,2460600.5,0.4601,1.862,1.005,2.18,330.92,2.54,37.85,278.4,2.72,0.388,0.0168,19.99,APO,,
Y,N,408751 (1987 SF3),0.399,JPL 25,2460600.5,0.5338,2.253,1.05,3.35,134.61,3.38,186.98,0.15,3.46,0.2915,0.0558,19.02,AMO,,
Y,Y,250680 (2005 QC5),0.398,JPL 40,2460600.5,0.3645,0.893,0.568,9.45,108.72,0.844,48.05,64.8,1.22,1.168,0.0476,19.63,ATE,,
Y,N,475950 (2007 FE1),0.389,JPL 39,2460600.5,0.5489,2.017,0.91,9.85,193.24,2.87,44.73,18.94,3.12,0.344,0.0671,18.85,APO,,
Y,Y,163818 (2003 RX7),0.386,JPL 187,2460600.5,0.3545,1.229,0.794,10.39,245.91,1.36,241.01,68.68,1.67,0.723,0.0264,18.46,APO,,
Y,Y,367248 (2007 MK13),0.386,JPL 55,2460600.5,0.1397,1.025,0.881,19.88,259.97,1.04,95.08,185.35,1.17,0.9505,0.0322,20.21,APO,,
Y,N,464885 (2005 LS3),0.384,JPL 42,2460600.5,0.2677,1.49,1.091,34.9,123.6,1.82,85.21,267.66,1.89,0.542,0.18,19.57,AMO,,
Y,N,482111 (2010 NT1),0.383,JPL 43,2460600.5,0.2182,1.458,1.14,39.52,306.32,1.76,283.25,58.13,1.78,0.5597,0.207,19.43,AMO,,
Y,N,311554 (2006 BQ147),0.382,JPL 115,2460600.5,0.4223,0.8199,0.474,24.38,153.21,0.742,146.77,224.39,1.17,1.328,0.0717,18.72,ATE,,
Y,N,614316 (2008 YZ32),0.382,JPL 41,2460600.5,0.6205,1.038,0.394,16.54,224.47,1.06,105.2,55.55,1.68,0.9324,0.0512,20.25,APO,,
Y,N,368184 (2000 RN77),0.381,JPL 66,2460600.5,0.3181,0.9512,0.649,16.1,211.77,0.928,312.69,188.89,1.25,1.062,0.108,19.47,ATE,,
Y,Y,504800 (2010 CO1),0.38,JPL 33,2460600.5,0.2179,1.013,0.792,24.02,252.71,1.02,351.56,78.84,1.23,0.9671,0.0222,21.48,APO,,
Y,N,706765 (2010 TK7),0.379,JPL 25,2460600.5,0.1903,0.9987,0.809,20.9,46.05,0.998,96.42,271.82,1.19,0.9875,0.0847,20.78,ATE,"Earth's first known Trojan asteroid, sharing Earth's orbit around the Sun",
Y,N,388838 (2008 EZ5),0.378,JPL 170,2460600.5,0.5075,2.091,1.03,8,228.21,3.02,15.07,163.3,3.15,0.3259,0.0808,19.62,AMO,,
Y,Y,206378 (2003 RB),0.376,JPL 183,2460600.5,0.4389,1.788,1.003,6.72,44.07,2.39,317.13,287,2.57,0.4121,0.0449,18.76,APO,,
Y,N,307918 (2004 EU9),0.374,JPL 125,2460600.5,0.5053,0.8804,0.436,28.58,202.43,0.826,161.08,98.26,1.33,1.193,0.168,19.02,ATE,,
Y,Y,363831 (2005 PY16),0.371,JPL 65,2460600.5,0.525,1.976,0.939,6.41,193.53,2.78,159.31,327.45,3.01,0.3549,0.0418,19.35,APO,,
Y,N,242191 (2003 NZ6),0.37,JPL 118,2460600.5,0.4924,0.7934,0.403,18.25,311.62,0.707,124.58,294.05,1.18,1.395,0.0653,19.02,ATE,,
Y,Y,414286 (2008 OC6),0.369,JPL 109,2460600.5,0.1992,0.9231,0.739,21.85,295.86,0.887,177.57,11.73,1.11,1.111,0.03,18.59,ATE,,
Y,N,436324 (2010 GZ6),0.369,JPL 81,2460600.5,0.1441,1.401,1.199,44.84,73.94,1.66,199.43,205.66,1.6,0.5941,0.312,19.44,AMO,,
Y,Y,386454 (2008 XM),0.367,JPL 32,2460600.5,0.9093,1.222,0.111,5.45,27.39,1.35,240.61,301.03,2.33,0.7295,0.00469,20.03,APO,,
Y,Y,387746 (2003 MH4),0.366,JPL 72,2460600.5,0.5133,1.964,0.956,3.9,323.53,2.75,259.55,287.43,2.97,0.358,0.00335,20.1,APO,,
Y,Y,529753 (2010 MF1),0.363,JPL 127,2460600.5,0.5882,2.498,1.029,9.1,27.84,3.95,286.94,212.69,3.97,0.2496,0.0425,19.65,AMO,,
Y,Y,265196 (2004 BW58),0.361,JPL 123,2460600.5,0.3787,1.455,0.904,15.21,301.85,1.75,132.61,328.22,2.01,0.5617,0.0389,18.84,APO,,
Y,N,325102 (2008 EY5),0.361,JPL 46,2460600.5,0.6268,0.6262,0.234,5.11,106.69,0.496,245.43,332.05,1.02,1.989,0.0784,20.17,ATE,,
Y,N,529720 (2010 LM14),0.361,JPL 24,2460600.5,0.3794,1.111,0.689,25.92,187.94,1.17,176.64,32.21,1.53,0.8421,0.313,21.3,APO,,
Y,N,411611 (2011 QF14),0.358,JPL 114,2460600.5,0.4833,2.026,1.047,3.4,297.3,2.88,138.27,156.47,3,0.3418,0.0815,18.75,AMO,,
Y,N,474425 (2002 YF4),0.358,JPL 85,2460600.5,0.3337,1.755,1.169,33.68,93.59,2.32,61.66,107.23,2.34,0.424,0.432,18.84,AMO,,
Y,Y,419624 (2010 SO16),0.357,JPL 80,2460600.5,0.0754,1.004,0.928,14.51,109.24,1.01,40.35,202.51,1.08,0.9799,0.0307,20.44,APO,,
Y,N,499496 (2010 MR87),0.357,JPL 52,2460600.5,0.3906,1.734,1.057,34.99,132.51,2.28,195.27,71.08,2.41,0.4317,0.15,19.49,AMO,,
Y,N,485110 (2010 HZ108),0.356,JPL 41,2460600.5,0.2085,1.249,0.988,22.88,106.65,1.4,173.99,67.66,1.51,0.7064,0.108,20.88,APO,,
Y,N,105141 (2000 NF11),0.352,JPL 106,2460600.5,0.189,1.421,1.152,14.82,115.95,1.69,123.7,162.99,1.69,0.5818,0.214,19.11,AMO,,
Y,N,515049 (2010 FL),0.351,JPL 43,2460600.5,0.6555,1.919,0.661,11.4,214.09,2.66,66.61,144.12,3.18,0.3707,0.14,19.31,APO,,
Y,N,415711 (1998 WT7),0.346,JPL 74,2460600.5,0.11,1.152,1.025,40.7,235.93,1.24,248.26,300.27,1.28,0.7972,0.0854,19.08,AMO,,
Y,Y,523664 (2012 OD1),0.346,JPL 169,2460600.5,0.5029,0.8288,0.412,42.26,224.36,0.754,303.73,191.12,1.25,1.306,0.0376,18.59,ATE,,
Y,Y,234145 (2000 EW70),0.344,JPL 76,2460600.5,0.3213,0.9376,0.636,5.43,125.77,0.908,178.03,294.52,1.24,1.086,0.0108,21.58,ATE,,
Y,N,234341 (2001 FZ57),0.344,JPL 139,2460600.5,0.6042,0.9442,0.374,20.67,339.98,0.917,22.09,96.2,1.51,1.074,0.158,18.94,ATE,,
Y,N,387733 (2003 GS),0.344,JPL 93,2460600.5,0.2185,0.893,0.698,12.03,181.88,0.844,196.2,354.33,1.09,1.168,0.089,18.98,ATE,,
Y,N,495858 (2003 MJ4),0.342,JPL 124,2460600.5,0.5614,2.303,1.01,5.31,271.87,3.5,77.39,12.11,3.6,0.2819,0.092,18.98,APO,,
Y,Y, 99942 Apophis (2004 MN4),0.34,JPL 218,2460600.5,0.1911,0.9224,0.746,3.34,126.67,0.886,203.9,227.76,1.1,1.113,0.000613,19.09,ATE,Close approach in 2029,
Y,N,496837 (1998 SB15),0.337,JPL 54,2460600.5,0.1615,1.226,1.028,15.63,67.68,1.36,6.75,12.22,1.42,0.7256,0.112,20.83,AMO,,
Y,Y,162567 (2000 RW37),0.335,JPL 64,2460600.5,0.2501,1.247,0.935,13.75,133.29,1.39,333.29,12.21,1.56,0.7075,0.00905,19.97,APO,,
Y,Y,  4660 Nereus (1982 DB),0.33,JPL 277,2460600.5,0.3587,1.485,0.952,1.45,159.54,1.81,313.11,191.96,2.02,0.5446,0.00367,18.75,APO,,
Y,Y, 25143 Itokawa (1998 SF36),0.33,JPL 219,2460600.5,0.2803,1.324,0.953,1.62,162.82,1.52,69.08,142.57,1.7,0.6469,0.0129,19.26,APO,Visited by Japan's Hayabusa mission which returned samples to Earth,
Y,N,238456 (2004 RK),0.328,JPL 119,2460600.5,0.3004,1.389,0.972,18.15,264.43,1.64,178.76,36.87,1.81,0.6023,0.165,19.43,APO,,
Y,N,477762 (2010 XZ67),0.326,JPL 108,2460600.5,0.4942,2.06,1.042,11.85,169.15,2.96,280.19,236.8,3.08,0.3333,0.0635,19.74,AMO,,
Y,N,613939 (2008 CH116),0.322,JPL 41,2460600.5,0.5875,0.6628,0.273,20.37,248.18,0.54,85.9,196.09,1.05,1.827,0.224,19.25,ATE,,
Y,Y,477519 (2010 DJ56),0.321,JPL 77,2460600.5,0.2453,1.25,0.943,34.84,309.28,1.4,149.91,231.65,1.56,0.7053,0.0288,19.15,APO,,
Y,N,139056 (2001 FY),0.32,JPL 77,2460600.5,0.3281,1.886,1.267,4.73,110.68,2.59,111.15,19.4,2.5,0.3806,0.274,19.18,AMO,,
Y,Y,297300 (1998 SC15),0.32,JPL 126,2460600.5,0.4144,1.273,0.745,16.08,277.49,1.44,198.68,337.6,1.8,0.6863,0.000468,19.29,APO,,
Y,N,169352 (2001 UY16),0.316,JPL 72,2460600.5,0.5196,2.083,1.001,32.28,48.41,3.01,32.2,215.33,3.17,0.3278,0.121,19.36,APO,,
Y,N,388189 (2006 DS14),0.315,JPL 59,2460600.5,0.3365,0.8638,0.573,26.54,187.5,0.803,162.24,240.74,1.15,1.228,0.158,20.55,ATE,,
Y,Y,511684 (2015 BN509),0.315,JPL 134,2460600.5,0.5685,1.007,0.434,4.15,143.2,1.01,120.08,166.2,1.58,0.9756,0.0248,20.79,APO,,
Y,N,537829 (2015 XY378),0.312,JPL 24,2460600.5,0.4893,0.7102,0.363,13.92,265.66,0.598,1.21,120.68,1.06,1.647,0.197,19.51,ATE,,
Y,Y,434633 (2005 WB1),0.31,JPL 37,2460600.5,0.3554,1.264,0.815,22.88,265.73,1.42,61.41,164.11,1.71,0.6937,0.0478,20.67,APO,,
Y,N,532874 (2013 YZ13),0.31,JPL 53,2460600.5,0.2618,1.39,1.026,31.22,235.54,1.64,288.39,171.05,1.75,0.6011,0.136,19.62,AMO,,
Y,N,523632 (2009 UX17),0.309,JPL 65,2460600.5,0.0835,1.189,1.09,10.8,278.65,1.3,216.09,106.96,1.29,0.7599,0.152,21.51,AMO,,
Y,N,456537 (2007 BG),0.308,JPL 59,2460600.5,0.3305,0.7868,0.527,12.75,133.38,0.698,168.28,317.57,1.05,1.412,0.0508,19.63,ATE,,
Y,Y,468727 (2010 JE87),0.308,JPL 52,2460600.5,0.437,0.9042,0.509,16.91,242.31,0.86,120.47,194.33,1.3,1.146,0.0347,20.77,ATE,,
Y,N,458135 (2010 GE25),0.304,JPL 44,2460600.5,0.4677,2.067,1.1,21.61,235.56,2.97,324.31,313.3,3.03,0.3317,0.225,20.28,AMO,,
Y,N,141531 (2002 GB),0.303,JPL 187,2460600.5,0.529,0.9921,0.467,22.55,8.32,0.988,40.81,1.94,1.52,0.9974,0.281,19.15,ATE,,
Y,N,228502 (2001 TE2),0.302,JPL 76,2460600.5,0.1966,1.083,0.87,7.63,35.79,1.13,171.11,321.06,1.3,0.874,0.0649,20.41,APO,,
Y,Y,  2340 Hathor (1976 UA),0.3,JPL 62,2460600.5,0.45,0.8438,0.464,5.86,40.1,0.775,211.29,53.4,1.22,1.272,0.00669,20.43,ATE,,
Y,Y,  3361 Orpheus (1982 HR),0.3,JPL 185,2460600.5,0.3229,1.21,0.82,2.66,302.34,1.33,188.68,24.54,1.6,0.7401,0.0138,19.56,APO,A small asteroid that has made close approaches to Earth,
Y,Y,496816 (1989 UP),0.3,JPL 77,2460600.5,0.4722,1.862,0.982,3.85,17.82,2.54,53.16,256.52,2.74,0.388,0.00594,20.54,APO,,
Y,N,523826 (1990 UP),0.3,JPL 53,2460600.5,0.1707,1.33,1.103,28.22,294.25,1.53,33.18,105.22,1.56,0.6426,0.2,20.35,AMO,,
Y,Y,152671 (1998 HL3),0.298,JPL 126,2460600.5,0.3659,1.129,0.716,2.68,188.16,1.2,163.64,286.27,1.54,0.8216,0.0453,20.24,APO,,
Y,N,469513 (2003 QR79),0.297,JPL 57,2460600.5,0.3055,1.279,0.888,17.16,103.19,1.45,333.02,160.17,1.67,0.6817,0.071,20.87,APO,,
Y,N,436030 (2009 JO2),0.295,JPL 80,2460600.5,0.4783,0.8883,0.463,19.63,239.71,0.837,203.42,216.35,1.31,1.177,0.0547,19.44,ATE,,
Y,Y,390725 (2003 HB),0.293,JPL 72,2460600.5,0.3805,0.8497,0.526,18.11,306.76,0.783,70.36,347.31,1.17,1.258,0.045,19.7,ATE,,
Y,Y,252399 (2001 TX44),0.291,JPL 77,2460600.5,0.5459,0.8748,0.397,15.21,136.04,0.818,57.76,262.54,1.35,1.205,0.00926,19.41,ATE,,
Y,Y,443806 (1998 FL3),0.288,JPL 25,2460600.5,0.2478,1.26,0.948,26.39,121.34,1.41,180.1,192.54,1.57,0.6969,0.0402,21.72,APO,,
Y,N,152564 (1992 HF),0.282,JPL 41,2460600.5,0.5617,1.391,0.61,13.32,128.34,1.64,213.37,228.17,2.17,0.6009,0.121,19.63,APO,,
Y,N,307070 (2002 AV31),0.282,JPL 129,2460600.5,0.2492,1.309,0.983,14.98,267.48,1.5,119.26,126.87,1.64,0.6579,0.143,20.64,APO,,
Y,N,407324 (2010 OB101),0.281,JPL 41,2460600.5,0.5227,1.617,0.772,9.13,334.47,2.06,260.89,4.01,2.46,0.4795,0.112,20.58,APO,,
Y,N,530531 (2011 OL5),0.28,JPL 97,2460600.5,0.1586,1.222,1.028,15.73,64.99,1.35,105.67,46.79,1.42,0.7299,0.119,20.24,AMO,,
Y,N,614521 (2009 UK),0.28,JPL 64,2460600.5,0.4829,1.978,1.023,3.53,309.45,2.78,165.5,102.13,2.93,0.3544,0.0598,19.91,AMO,,
Y,Y,523775 (2014 YB35),0.279,JPL 82,2460600.5,0.4833,1.877,0.97,12.64,188.64,2.57,3.72,256.67,2.78,0.3833,0.0208,19.11,APO,,
Y,N,152563 (1992 BF),0.272,JPL 110,2460600.5,0.2716,0.9079,0.661,7.25,336.55,0.865,315.19,146.53,1.15,1.139,0.0634,19.71,ATE,,
Y,N,247517 (2002 QY6),0.269,JPL 108,2460600.5,0.699,0.8171,0.246,12.75,355.4,0.739,164.18,167.83,1.39,1.334,0.106,19.73,ATE,,
Y,Y,459683 (2013 MY5),0.269,JPL 58,2460600.5,0.4532,1.662,0.909,3,279.04,2.14,102.88,61.87,2.41,0.4601,0.0322,19.79,APO,,
Y,Y,503941 (2003 UV11),0.26,JPL 85,2460600.5,0.7626,1.453,0.345,5.93,124.95,1.75,31.78,324.1,2.56,0.5625,0.00787,19.65,APO,,
Y,Y,613726 (2007 EF),0.26,JPL 32,2460600.5,0.4101,0.8203,0.484,21.73,226.04,0.743,158.34,348.52,1.16,1.327,0.0241,21.34,ATE,,
Y,Y,433953 (1997 XR2),0.259,JPL 80,2460600.5,0.2008,1.076,0.86,7.19,84.65,1.12,250.66,91.54,1.29,0.8828,0.000622,20.96,APO,,
Y,N,529819 (2010 PM58),0.259,JPL 19,2460600.5,0.4597,1.371,0.741,13.59,53.83,1.61,332.36,268.23,2,0.6137,0.0965,20.86,APO,,
Y,Y,357024 (1999 YR14),0.255,JPL 109,2460600.5,0.4,1.651,0.991,3.73,9.7,2.12,2.98,285.74,2.31,0.4644,0.0065,19.47,APO,,
Y,N,443837 (2000 TJ1),0.253,JPL 85,2460600.5,0.0809,1.161,1.067,39.54,52.51,1.25,190.42,202.77,1.25,0.7884,0.101,19.7,AMO,,
Y,N,471083 (2009 XF2),0.244,JPL 49,2460600.5,0.2469,1.286,0.968,14.01,113.46,1.46,88.46,329.41,1.6,0.6762,0.0653,19.98,APO,,
Y,Y,141432 (2002 CQ11),0.239,JPL 104,2460600.5,0.4275,0.9762,0.559,2.47,272.65,0.965,81.34,241.7,1.39,1.022,0.0194,20.06,ATE,,
Y,N,424392 (2007 YJ),0.239,JPL 53,2460600.5,0.2798,1.103,0.795,3.31,199.39,1.16,28.87,59.24,1.41,0.8505,0.051,22.12,APO,,
Y,Y,490581 (2009 WZ104),0.237,JPL 61,2460600.5,0.1927,0.8553,0.69,9.84,10.56,0.791,263.25,71.51,1.02,1.246,0.0306,20.85,ATE,,
Y,Y,371660 (2007 CN26),0.23,JPL 73,2460600.5,0.2693,1.292,0.944,7.59,135.69,1.47,159.27,231.68,1.64,0.6708,0.00234,21.11,APO,,
Y,Y,441987 (2010 NY65),0.228,JPL 184,2460600.5,0.3701,1.003,0.632,11.54,252.07,1.01,267.92,175.65,1.37,0.9805,0.0171,21.36,APO,,
Y,Y,443880 (2001 UZ16),0.228,JPL 91,2460600.5,0.4263,1.76,1.01,12.67,28.63,2.34,323.1,320.12,2.51,0.422,0.0308,19.38,APO,,
Y,Y,462238 (2008 CN1),0.227,JPL 62,2460600.5,0.3477,0.7707,0.503,7.22,7.26,0.677,331.46,26.27,1.04,1.457,0.0349,20.66,ATE,,
Y,Y,230549 (2003 BH),0.217,JPL 49,2460600.5,0.3561,1.457,0.938,13.11,313.41,1.76,119.76,158.58,1.98,0.5607,0.0292,20.78,APO,,
Y,N,481327 (2006 BB27),0.216,JPL 51,2460600.5,0.2456,1.362,1.028,27.16,144.68,1.59,132.16,166.83,1.7,0.62,0.0506,19.95,AMO,,
Y,N,365449 (2010 NJ1),0.215,JPL 63,2460600.5,0.5406,0.9684,0.445,11.22,358.58,0.953,128.23,75.23,1.49,1.034,0.155,20.28,ATE,,
Y,Y,365424 (2010 KX7),0.212,JPL 29,2460600.5,0.1709,0.9893,0.82,21.49,61.93,0.984,46.46,331.91,1.16,1.002,0.0343,21.91,ATE,,
Y,N,488803 (2005 GB120),0.209,JPL 61,2460600.5,0.3948,0.7911,0.479,9.15,243.83,0.704,160.86,23.17,1.1,1.401,0.0729,20.48,ATE,,
Y,Y, 41429 (2000 GE2),0.204,JPL 86,2460600.5,0.5553,1.593,0.708,2.17,297.2,2.01,351.91,42.91,2.48,0.4903,0.0109,20.66,APO,,
Y,Y,333578 (2006 KM103),0.204,JPL 94,2460600.5,0.3766,1.573,0.981,11.68,197.03,1.97,169.45,35.66,2.17,0.4994,0.0128,20.2,APO,,
Y,Y,423321 (2005 ED318),0.202,JPL 72,2460600.5,0.4501,1.85,1.018,2.39,164.35,2.52,82.04,255.47,2.68,0.3916,0.00938,20.9,AMO,,
Y,Y,483508 (2003 CR1),0.202,JPL 68,2460600.5,0.4628,1.453,0.78,12.72,101.97,1.75,310.93,179.82,2.12,0.563,0.0276,20.02,APO,,
Y,Y,510055 (2010 FH81),0.2,JPL 35,2460600.5,0.2105,1.226,0.968,16.8,158.31,1.36,84.6,223.8,1.48,0.7264,0.034,21.51,APO,,
Y,Y,468468 (2004 KH17),0.197,JPL 58,2460600.5,0.4982,0.7121,0.357,22.13,340.72,0.601,79.12,176.08,1.07,1.64,0.00231,21.98,ATE,,
Y,N,511777 (2015 EZ),0.194,JPL 139,2460600.5,0.2838,1.364,0.977,13.21,65.21,1.59,185.4,316.62,1.75,0.6187,0.0866,20.14,APO,,
Y,N,422638 (1994 CB),0.193,JPL 30,2460600.5,0.1451,1.149,0.983,18.26,288.54,1.23,310.62,242.28,1.32,0.7998,0.0562,21.1,APO,,
Y,N,613995 (2008 NP3),0.193,JPL 23,2460600.5,0.334,1.005,0.669,1.43,328.2,1.01,78.33,332.93,1.34,0.9783,0.0153,22.83,APO,,
Y,Y,303450 (2005 BY2),0.187,JPL 55,2460600.5,0.3306,1.269,0.85,7.29,130.28,1.43,74.44,240.46,1.69,0.6893,0.0404,20.55,APO,,
Y,Y,422686 (2000 AC6),0.176,JPL 70,2460600.5,0.2864,0.8537,0.609,4.7,188.07,0.789,101.36,335.02,1.1,1.25,0.0462,21.63,ATE,,
Y,N,496962 (2002 GP186),0.175,JPL 36,2460600.5,0.3312,1.285,0.859,8.11,24.84,1.46,31.17,284.09,1.71,0.6768,0.0812,20.32,APO,,
Y,Y,454094 (2013 BZ45),0.167,JPL 49,2460600.5,0.1448,1.015,0.868,11.85,98.76,1.02,131.05,96.2,1.16,0.9638,0.0257,21.87,APO,,
Y,N,475016 (2005 UO),0.164,JPL 29,2460600.5,0.5824,1.351,0.564,7.71,258.56,1.57,19.15,74.85,2.14,0.6278,0.00222,22.06,APO,,
Y,Y,164207 (2004 GU9),0.163,JPL 98,2460600.5,0.1359,1.001,0.865,13.65,279.48,1,38.41,63.63,1.14,0.9837,0.00017,21.18,APO,,
Y,N,618348 (2016 PN),0.16,JPL 51,2460600.5,0.3322,0.8586,0.573,21.6,23.68,0.796,126.04,247.3,1.14,1.239,0.0711,20.23,ATE,,
Y,N,411165 (2010 DF1),0.159,JPL 33,2460600.5,0.5032,1.598,0.794,20.08,101.81,2.02,154.84,45.87,2.4,0.4877,0.0433,22.09,APO,,
Y,Y,363599 (2004 FG11),0.152,JPL 110,2460600.5,0.7236,1.587,0.439,3.14,228.81,2,83.45,69.5,2.73,0.4932,0.0204,21.04,APO,,
Y,Y,465826 (2010 GA24),0.15,JPL 43,2460600.5,0.5468,2.097,0.95,7.68,237.57,3.04,30.66,261.43,3.24,0.3247,0.0494,21.09,APO,,
Y,N,469445 (2002 LT24),0.143,JPL 66,2460600.5,0.4958,0.7201,0.363,0.77,283.09,0.611,165.66,17.11,1.08,1.613,0.0113,22.19,ATE,,
Y,N,666241 (2010 BK2),0.118,JPL 28,2460600.5,0.4479,0.9042,0.499,6.05,72.66,0.86,278.01,133.58,1.31,1.146,0.0326,22.04,ATE,,
Y,Y,264357 (2000 AZ93),0.113,JPL 48,2460600.5,0.36,0.7469,0.478,8.59,8.17,0.645,277.3,311.13,1.02,1.527,0.022,21.17,ATE,,
Y,N,506590 (2005 XB1),0.099,JPL 32,2460600.5,0.4187,1.131,0.658,8.71,232.93,1.2,73.31,323.99,1.61,0.8189,0.0705,21.97,APO,,
Y,N,450237 (2002 XY38),0.096,JPL 45,2460600.5,0.2176,0.9112,0.713,2.12,119.92,0.87,158.7,200.77,1.11,1.133,0.00245,23.18,ATE,,
Y,Y,154590 (2003 MA3),0.086,JPL 41,2460600.5,0.4022,1.105,0.661,1.42,228.88,1.16,152.67,56.99,1.55,0.8484,0.0131,21.71,APO,,
Y,Y,518810 (2010 CF19),0.083,JPL 46,2460600.5,0.27,1.193,0.871,7.18,265.31,1.3,154.71,142.87,1.52,0.7563,0.0325,21.85,APO,,
